;가야문화축제 2020;36;경상남도 김해시 가야의길 126;(대성동);128.8731002475;35.2360687598;;http://tong.visitkorea.or.kr/cms/resource/01/2487801_image2_1.JPG;Y;20201029;20201101;0;0;0;fe
;가평씽씽송어축제 2020;31;경기도 가평군 가평읍 가평제방길 119;;127.5174061076;37.8258616779;;http://tong.visitkorea.or.kr/cms/resource/48/2560348_image2_1.jpg;Y;20200104;20200216;0;0;0;fe
;감악산 해맞이 2020;36;경상남도 거창군 신원면;;127.9274012896;35.5953250627;;http://tong.visitkorea.or.kr/cms/resource/10/2582210_image2_1.JPG;Y;20200101;20200101;0;0;0;fe
;강릉 단오제 2020;32;강원도 강릉시 단오장길 1;;128.8950169869;37.7482134974;;http://tong.visitkorea.or.kr/cms/resource/95/2543695_image2_1.jpg;Y;20200621;20200628;0;0;0;fe
;강릉 문화재야행 2020;32;강원도 강릉시 임영로131번길 6;;128.8920698750;37.7532267491;;http://tong.visitkorea.or.kr/cms/resource/65/2650165_image2_1.jpg;Y;20200731;20200912;0;0;0;fe
;강릉 하트불꽃크루즈 2020;32;강원도 강릉시 주문진읍 해안로 1730;;128.8285935985;37.8895291758;;http://tong.visitkorea.or.kr/cms/resource/90/2643190_image2_1.jpg;Y;20200101;20201231;0;0;0;fe
;강진만 춤추는 갈대축제 2020;38;전라남도 강진군 강진읍 남당로 97-111;;126.7739666192;34.6201595364;;http://tong.visitkorea.or.kr/cms/resource/45/2562045_image2_1.JPG;Y;20201023;20201101;0;0;0;fe
;강진청자축제 2020;38;전라남도 강진군 대구면 청자촌길 33;(사당리);126.8011114048;34.5075226164;;http://tong.visitkorea.or.kr/cms/resource/92/2643992_image2_1.JPG;Y;20201008;20201013;0;0;0;fe
;강화 문화재 야행 2020;2;인천 강화군 강화읍 관청리;;126.4855748369;37.7487881453;;;Y;20200911;20200912;0;0;0;fe
;강화 빙어축제 2020;2;인천광역시 강화군 송해면 전망대로423번길 161;;126.4438577810;37.8001841894;;http://tong.visitkorea.or.kr/cms/resource/84/2643184_image2_1.jpg;Y;20191221;20200220;0;0;0;fe
;강화도 빙어, 송어 축제 2020;2;인천광역시 강화군 내가면 고비고개로741번길 37-30;(내가면);126.4136461171;37.7202402100;;http://tong.visitkorea.or.kr/cms/resource/18/2575518_image2_1.JPG;Y;20191214;20200301;0;0;0;fe
;강화도 송어빙어축제 2020;2;인천광역시 강화군 양도면 중앙로787번길 8-2;;126.4312173349;37.6984402831;;http://tong.visitkorea.or.kr/cms/resource/56/2570856_image2_1.jpg;Y;20191221;20200301;0;0;0;fe
;개화산 해맞이 2020;1;서울특별시 강서구 개화동;;126.8047169862;37.5821048853;;http://tong.visitkorea.or.kr/cms/resource/18/2582518_image2_1.jpg;Y;20200101;20200101;0;0;0;fe
;거제섬꽃축제 2020;36;경상남도 거제시 거제면 거제남서로 3577;;128.5795665696;34.8565698127;;http://tong.visitkorea.or.kr/cms/resource/00/2614400_image2_1.jpg;Y;20201031;20201108;0;0;0;fe
;거창 크리스마스트리문화축제 2019;36;경상남도 거창군 거창읍 중앙로 103;;127.9095393091;35.6866949586;;http://tong.visitkorea.or.kr/cms/resource/19/2638719_image2_1.jpg;Y;20191201;20200127;0;0;0;fe
;겨울공주 군밤축제 2020;34;충청남도 공주시 고마나루길 90;(웅진동);127.1075869625;36.4666363013;;http://tong.visitkorea.or.kr/cms/resource/45/2641145_image2_1.png;Y;20200110;20200112;0;0;0;fe
;겨울왕국제천 페스티벌 2020;33;충청북도 제천시 의림대로14길 4 제천 시내 및 의림지 일원;;128.2112051410;37.1383347045;;http://tong.visitkorea.or.kr/cms/resource/68/2637668_image2_1.jpg;Y;20191220;20200127;0;0;0;fe
;경기전 사람들 - 이야기술사 2020;37;전라북도 전주시 완산구 한지길 102;(풍남동3가);127.1538417800;35.8158642143;;http://tong.visitkorea.or.kr/cms/resource/77/2659777_image2_1.jpg;Y;20200606;20201031;0;0;0;fe
;경기전 수복청 상설공연 2020;37;전라북도 전주시 완산구 한지길 102;(풍남동3가);127.1538417800;35.8158642143;;http://tong.visitkorea.or.kr/cms/resource/03/2659803_image2_1.jpg;Y;20200606;20201101;0;0;0;fe
;경남고성공룡세계엑스포 2020;36;경상남도 고성군 회화면 당항만로 1116;;128.4007962584;35.0581190364;;http://tong.visitkorea.or.kr/cms/resource/50/2649150_image2_1.jpg;Y;20200918;20201108;0;0;0;fe
;경복궁 야간 특별관람 2020;1;서울특별시 종로구 사직로 161;(세종로);126.9748959222;37.5816246501;;http://tong.visitkorea.or.kr/cms/resource/01/2512001_image2_1.jpg;Y;20200902;20201031;0;0;0;fe
;경북영주 풍기인삼축제 2020;35;경상북도 영주시 풍기읍 봉현면 오현리;;128.5167077783;36.8719154882;;http://tong.visitkorea.or.kr/cms/resource/44/1723644_image2_1.jpg;Y;20201009;20201018;0;0;0;fe
;경주 도자기축제 2020;35;경상북도 경주시 용담로 79-48;;129.2090867870;35.8606602717;;;Y;20201030;20201108;0;0;0;fe
;경포 해넘이, 해맞이 축제 2020;32;강원도 강릉시 창해로 514;(안현동);128.9074446419;37.8057293080;;http://tong.visitkorea.or.kr/cms/resource/93/2576593_image2_1.jpg;Y;20191231;20200101;0;0;0;fe
;고니골빛축제 2019;32;강원도 원주시 호저면 호저로 1277-43;;127.9154662381;37.4800230785;;http://tong.visitkorea.or.kr/cms/resource/91/2631391_image2_1.jpg;Y;20191115;20200216;0;0;0;fe
;고성 하늬라벤더팜 라벤더축제 2020;32;강원도 고성군 간성읍 꽃대마을길 175;;128.4150501452;38.3486205333;;http://tong.visitkorea.or.kr/cms/resource/42/2495742_image2_1.jpg;Y;20200601;20200623;0;0;0;fe
;고양국제꽃박람회 2020;31;경기도 고양시 일산동구 호수로 595;;126.7686849202;37.6539736577;;http://tong.visitkorea.or.kr/cms/resource/80/2601280_image2_1.jpg;Y;20200925;20201011;0;0;0;fe
;고양호수예술축제 2020;31;경기도 고양시 일산동구 호수로 595;;126.7686654803;37.6538792239;;http://tong.visitkorea.or.kr/cms/resource/61/2654161_image2_1.JPG;Y;20200924;20200927;0;0;0;fe
;고창 해풍고추축제 2020;37;전라북도 고창군 해리면 청해1길 15;;126.5378112270;35.4611162404;;http://tong.visitkorea.or.kr/cms/resource/38/2557238_image2_1.jpg;Y;20200822;20200823;0;0;0;fe
;고창모양성제 2020;37;전라북도 고창군 고창읍 모양성로 1;;126.7042193959;35.4315946094;;;Y;20201021;20201025;0;0;0;fe
;과천축제 2020;31;경기도 과천시 관문로 64;;126.9892711841;37.4275927964;;http://tong.visitkorea.or.kr/cms/resource/46/2618446_image2_1.jpg;Y;20200924;20200927;0;0;0;fe
;광복로 연등문화제 2020;6;부산광역시 중구 광복중앙로 3;(창선동1가);129.0311568706;35.0995675166;;;Y;20200430;20200530;0;0;0;fe
;광안리 새해맞이 2020;6;부산광역시 수영구 광안해변로 219;(광안동);129.1173479525;35.1516077265;;http://tong.visitkorea.or.kr/cms/resource/94/2350894_image2_1.png;Y;20200101;20200101;0;0;0;fe
;광주 프린지페스티벌 2020;5;광주광역시 동구 금남로 245;;126.9187519429;35.1483608365;;http://tong.visitkorea.or.kr/cms/resource/75/2487975_image2_1.jpg;Y;20200801;20201031;0;0;0;fe
;광주국제식품전 2020;5;광주광역시 서구 상무누리로 30;;126.8405588979;35.1467180358;;http://tong.visitkorea.or.kr/cms/resource/39/2555939_image2_1.JPG;Y;20201112;20201115;0;0;0;fe
;광주국제차문화전시회 2020;5;광주광역시 서구 상무누리로 30;;126.8405588979;35.1467180358;;http://tong.visitkorea.or.kr/cms/resource/08/2658508_image2_1.jpg;Y;20200924;20200927;0;0;0;fe
;광주문화재야행 '동구 달빛걸음' 2020;5;광주광역시 동구 서남로 1;(서석동);126.9231210717;35.1455501169;;http://tong.visitkorea.or.kr/cms/resource/87/2608887_image2_1.JPG;Y;20200703;20200704;0;0;0;fe
;광주비엔날레 2021;5;광주광역시 북구 비엔날레로 111;;126.8902647155;35.1825648257;;http://tong.visitkorea.or.kr/cms/resource/48/2561748_image2_1.JPG;Y;20210226;20210509;0;0;0;fe
;국립김해박물관 설맞이 전통문화행사 2020;36;경상남도 김해시 가야의길 190;(구산동);128.8734583601;35.2430235419;;http://tong.visitkorea.or.kr/cms/resource/08/882908_image2_1.jpg;Y;20200124;20200127;0;0;0;fe
;국립대구박물관 설맞이 문화행사 2020;4;대구광역시 수성구 청호로 321;(황금동);128.6378790585;35.8456846315;;;Y;20200124;20200127;0;0;0;fe
;국립민속박물관 우리민속한마당;1;서울특별시 종로구 삼청로 37;(세종로);126.9788705506;37.5819663482;;;Y;20200101;20201231;0;0;0;fe
;국립부여박물관 설맞이 어울마당 2020;34;충청남도 부여군 부여읍 금성로 5;(부여읍);126.9189645227;36.2763825813;;http://tong.visitkorea.or.kr/cms/resource/69/1598869_image2_1.jpg;Y;20200124;20200127;0;0;0;fe
;국립전주박물관 설 대보름 맞이 문화축전 2020;37;전라북도 전주시 완산구 쑥고개로 249;(효자동2가);127.0897200882;35.8013230910;;http://tong.visitkorea.or.kr/cms/resource/80/2589280_image2_1.jpg;Y;20200124;20200208;0;0;0;fe
;국립진주박물관 설맞이 문화행사 2020;36;경상남도 진주시 남강로 626-35;(남성동);128.0768878142;35.1889652253;;http://tong.visitkorea.or.kr/cms/resource/03/211603_image2_1.jpg;Y;20200124;20200127;0;0;0;fe
;국립춘천박물관 입춘·설·대보름 맞이 우리문화 한마당 2020;32;강원도 춘천시 우석로 70;(석사동);127.7537834602;37.8640310702;;http://tong.visitkorea.or.kr/cms/resource/51/484551_image2_1.jpg;Y;20200124;20200127;0;0;0;fe
;국제뿌리산업전시회 2020;5;광주광역시 서구 상무누리로 30;(치평동);126.8405588979;35.1467180358;;http://tong.visitkorea.or.kr/cms/resource/13/2549813_image2_1.JPG;Y;20200709;20200711;0;0;0;fe
;국제전기자동차엑스포 2020;39;제주특별자치도 서귀포시 중문관광로 224;(중문동);126.4245292209;33.2413184587;;http://tong.visitkorea.or.kr/cms/resource/50/2478250_image2_1.png;Y;20200617;20200620;0;0;0;fe
;국제차문화대전 2020;1;서울특별시 강남구 영동대로 513;(삼성동);127.0594124394;37.5112648981;;;Y;20200716;20200719;0;0;0;fe
;국제현대무용제(MODAFE) 2020;1;서울특별시 종로구 대학로10길 15-15 해안빌딩 602호;;127.0028600144;37.5825333800;;http://tong.visitkorea.or.kr/cms/resource/42/2655042_image2_1.jpg;Y;20200514;20200529;0;0;0;fe
;국토정중앙 양구 배꼽축제 2020;32;강원도 양구군 양구읍 박수근로 366-33;;127.9814637917;38.1062154905;;http://tong.visitkorea.or.kr/cms/resource/15/2609115_image2_1.jpg;Y;20200731;20200802;0;0;0;fe
;군산시간여행축제 2020;37;전라북도 군산시 중앙로 178;;126.7117267503;35.9877620079;;http://tong.visitkorea.or.kr/cms/resource/50/2530450_image2_1.jpg;Y;20201009;20201011;0;0;0;fe
;궁디팡팡 캣페스타 2020;1;서울특별시 서초구 강남대로 27;(양재동);127.0390127336;37.4683111849;;http://tong.visitkorea.or.kr/cms/resource/95/2659595_image2_1.jpg;Y;20200619;20200621;0;0;0;fe
;궁중문화축전 2020;1;서울특별시 종로구 사직로 161;;126.9769930325;37.5788222356;;http://tong.visitkorea.or.kr/cms/resource/93/2648093_image2_1.jpg;Y;20201010;20201018;0;0;0;fe
;금산 인삼축제 2020;34;충청남도 금산군 금산읍 인삼광장로 30;;127.5012088646;36.1001573782;;http://tong.visitkorea.or.kr/cms/resource/58/2620958_image2_1.jpg;Y;20201009;20201018;0;0;0;fe
;김포 음악불꽃크루즈 2020;31;경기도 김포시 고촌읍 아라육로270번길 74;;126.7871209331;37.5976583182;;http://tong.visitkorea.or.kr/cms/resource/64/2585564_image2_1.jpg;Y;20200104;20201231;0;0;0;fe
;김해 문화재야행 2020;36;경상남도 김해시 가락로93번길 26;;128.8772665825;35.2349050783;;http://tong.visitkorea.or.kr/cms/resource/15/2605815_image2_1.jpg;Y;20201009;20201011;0;0;0;fe
;김해 세계크리스마스 문화축제 2019;36;경상남도 김해시 동상동 종로길 일원;;128.8834882088;35.2368660834;;http://tong.visitkorea.or.kr/cms/resource/60/2640860_image2_1.jpg;Y;20191207;20200105;0;0;0;fe
;나를 사랑한 버스커 축제 2020;4;대구광역시 중구 달구벌대로 2232;;128.6073979595;35.8618461284;;http://tong.visitkorea.or.kr/cms/resource/79/2659979_image2_1.jpg;Y;20200627;20200627;0;0;0;fe
;낙동강세계평화문화대축전 2020;35;경상북도 칠곡군 석적읍 강변대로 1580;;128.4041393286;36.0178885900;;http://tong.visitkorea.or.kr/cms/resource/73/2610373_image2_1.JPG;Y;20201009;20201011;0;0;0;fe
;낙안읍성 민속문화축제 2020;38;전라남도 순천시 낙안면 충민길 30;;127.3417762983;34.9063869563;;http://tong.visitkorea.or.kr/cms/resource/81/2502281_image2_1.JPG;Y;20201023;20201025;0;0;0;fe
;난계국악단 상설공연 2020;33;충청북도 영동군 심천면 국악로1길 33;;127.7008769509;36.2114482472;;;Y;20200118;20201226;0;0;0;fe
;난타 (홍대);1;서울특별시 마포구 양화로16길 29;(서교동);126.9212766131;37.5532325451;;;Y;20200101;20201231;0;0;0;fe
;난타 (명동);1;서울특별시 중구 명동길 26;(명동2가);126.9837456304;37.5634463660;;http://tong.visitkorea.or.kr/cms/resource/86/2034286_image2_1.jpg;Y;20200101;20201231;0;0;0;fe
;남산골 태권도 상설공연 2020;1;서울특별시 중구 퇴계로34길 28;(필동2가);126.9935365470;37.5584387906;;http://tong.visitkorea.or.kr/cms/resource/74/2659974_image2_1.jpg;Y;20200821;20201108;0;0;0;fe
;남원 춘향제 2020;37;전라북도 남원시 요천로 1447;;127.3799380290;35.4029483014;;http://tong.visitkorea.or.kr/cms/resource/22/2655022_image2_1.jpg;Y;20200910;20200913;0;0;0;fe
;남원흥부제 2020;37;전라북도 남원시 양림길 12;(어현동);127.3856653066;35.4027150938;;;Y;20201008;20201011;0;0;0;fe
;남이섬 겨울축제 'Winter Wonder Nami Island' 2020;32;강원도 춘천시 남산면 남이섬길 1;;127.5261035858;37.7901159965;;http://tong.visitkorea.or.kr/cms/resource/09/2642509_image2_1.jpg;Y;20191221;20200209;0;0;0;fe
;남이섬 '비밀정원 : 위로가 필요한 당신에게'展 2020;32;강원도 춘천시 남산면 남이섬길 1;;127.5261480243;37.7901798790;;http://tong.visitkorea.or.kr/cms/resource/94/2643294_image2_1.jpg;Y;20191214;20200405;0;0;0;fe
;남이섬 '사물 채집'展 2020;32;강원도 춘천시 남산면 남이섬길 1;;127.5261480243;37.7901798790;;http://tong.visitkorea.or.kr/cms/resource/68/2653068_image2_1.jpg;Y;20200415;20200809;0;0;0;fe
;넌버벌 퍼포먼스 'FIREMAN';1;서울특별시 중구 마른내로 47;(초동);126.9931808474;37.5646797260;;http://tong.visitkorea.or.kr/cms/resource/23/2555623_image2_1.jpg;Y;20200101;20201231;0;0;0;fe
;네이처파크 수국축제 2020;4;대구광역시 달성군 가창면 가창로 891;;128.6353392148;35.7881605357;;http://tong.visitkorea.or.kr/cms/resource/77/2660477_image2_1.jpg;Y;20200711;20200717;0;0;0;fe
;네이처파크 플라워 페스티벌 2020;4;대구광역시 달성군 가창면 가창로 891;;128.6353392148;35.7881605357;;http://tong.visitkorea.or.kr/cms/resource/64/2647364_image2_1.jpg;Y;20200425;20200717;0;0;0;fe
;네이처파크 <스윗 윈터> 2020;4;대구광역시 달성군 가창면 가창로 891;;128.6353392148;35.7881605357;;http://tong.visitkorea.or.kr/cms/resource/87/2640587_image2_1.jpg;Y;20191228;20200216;0;0;0;fe
;녹동바다불꽃축제 2020;38;전라남도 고흥군 도양읍 녹동신항2길 9;;127.1418394295;34.5251818772;;http://tong.visitkorea.or.kr/cms/resource/44/2648244_image2_1.JPG;Y;20200910;20200913;0;0;0;fe
;다랭이마을 해맞이 행사 2020;36;경상남도 남해군 남면 남면로 702;;127.8910715972;34.7280247777;;http://tong.visitkorea.or.kr/cms/resource/18/2643018_image2_1.jpg;Y;20200101;20200101;0;0;0;fe
;단양 온달문화축제 2020;33;충청북도 단양군 영춘면 온달로 23;;128.4908434198;37.0617876536;;http://tong.visitkorea.or.kr/cms/resource/18/2647018_image2_1.jpg;Y;20201023;20201025;0;0;0;fe
;달성대구현대미술제 2020;4;대구광역시 달성군 다사읍 강정본길 57;;128.4650638527;35.8411652970;;http://tong.visitkorea.or.kr/cms/resource/12/2659512_image2_1.jpg;Y;20200904;20201004;0;0;0;fe
;대관령 눈꽃축제 2020;32;강원도 평창군 대관령면 대관령로 119;;128.7095999126;37.6722742377;;http://tong.visitkorea.or.kr/cms/resource/03/2575803_image2_1.JPG;Y;20200117;20200127;0;0;0;fe
;대구 꽃박람회 2020;4;대구광역시 북구 엑스코로 10;(산격동);128.6131378604;35.9070383402;;http://tong.visitkorea.or.kr/cms/resource/69/2483869_image2_1.jpg;Y;20201022;20201025;0;0;0;fe
;대구 제야의 타종 2020;4;대구광역시 중구 국채보상로 670;;128.6034314445;35.8689396970;;http://tong.visitkorea.or.kr/cms/resource/47/2640247_image2_1.JPG;Y;20191231;20200101;0;0;0;fe
;대왕암 해맞이 2020;7;울산광역시 동구 등대로 140;(일산동);129.4383355482;35.4918505765;;http://tong.visitkorea.or.kr/cms/resource/87/2581987_image2_1.jpg;Y;20200101;20200101;0;0;0;fe
;대전 맨몸마라톤 2020;3;대전광역시 서구 둔산대로 169;;127.3880117687;36.3664721764;;http://tong.visitkorea.or.kr/cms/resource/49/2630349_image2_1.jpg;Y;20200101;20200101;0;0;0;fe
;대전 서구힐링 아트페스티벌 2020;3;대전광역시 서구 둔산북로 85;;127.3839235290;36.3560344086;;http://tong.visitkorea.or.kr/cms/resource/48/2647948_image2_1.jpg;Y;20201016;20201018;0;0;0;fe
;대전국제와인페스티벌 2020;3;대전광역시 유성구 엑스포로 107;(도룡동);127.3917584171;36.3752767907;;http://tong.visitkorea.or.kr/cms/resource/50/2607250_image2_1.jpg;Y;20200904;20200906;0;0;0;fe
;대학로 거리공연축제 2020;1;서울특별시 종로구 대학로8길 1;(동숭동);127.0023906561;37.5809974394;;http://tong.visitkorea.or.kr/cms/resource/77/2656277_image2_1.jpg;Y;20200605;20200607;0;0;0;fe
;대한민국 국제요리&제과경연대회 2020;1;서울특별시 서초구 강남대로 27 AT Center 제 2전시장;(양재동);127.0396016001;37.4672141004;;http://tong.visitkorea.or.kr/cms/resource/37/2642637_image2_1.JPG;Y;20200625;20200628;0;0;0;fe
;대한민국 국제해양레저위크(KIMA WEEK) 2020;6;부산광역시 수영구 남천동로 100;(남천동);129.1132123622;35.1457333083;;http://tong.visitkorea.or.kr/cms/resource/21/2553821_image2_1.jpg;Y;20200821;20200830;0;0;0;fe
;대한민국 독서대전 2020;39;제주특별자치도 제주시 동광로 69;(일도이동);126.5349109346;33.5044661210;;http://tong.visitkorea.or.kr/cms/resource/49/2659549_image2_1.png;Y;20200904;20200906;0;0;0;fe
;대한민국 청년미술대전 2020;1;서울특별시 송파구 백제고분로 501;;127.1148767272;37.5151348914;;http://tong.visitkorea.or.kr/cms/resource/05/2657105_image2_1.jpg;Y;20200827;20200830;0;0;0;fe
;대한민국 청년의 날 2020;1;서울특별시 영등포구 여의공원로 68;;126.9223217070;37.5268134115;;http://tong.visitkorea.or.kr/cms/resource/61/2659061_image2_1.png;Y;20200912;20200912;0;0;0;fe
;대한민국 향토식문화대전(&국제탑쉐프그랑프리) 2020;1;서울특별시 서초구 강남대로 27;;127.0396016001;37.4672141004;;http://tong.visitkorea.or.kr/cms/resource/83/2643783_image2_1.bmp;Y;20201113;20201115;0;0;0;fe
;대한민국국제포토페스티벌 2020;1;서울특별시 서초구 남부순환로 2406;(서초동);127.0107150202;37.4785261578;;http://tong.visitkorea.or.kr/cms/resource/50/2654450_image2_1.jpg;Y;20200517;20200523;0;0;0;fe
;대한민국와인축제 2020;33;충청북도 영동군 영동읍 계산리 640-4;;127.7752158075;36.1737316602;;http://tong.visitkorea.or.kr/cms/resource/93/2598593_image2_1.jpg;Y;20200924;20200927;0;0;0;fe
;더스테이힐링파크 썸캉스페스티벌 2020;31;경기도 가평군 설악면 한서로268번길 134;;127.5224076923;37.6610364848;;http://tong.visitkorea.or.kr/cms/resource/82/2660882_image2_1.jpg;Y;20200701;20200831;0;0;0;fe
;더스테이힐링파크 피크닉페스티벌 2020;31;경기도 가평군 설악면 한서로268번길 134;;127.5224076923;37.6610364848;;http://tong.visitkorea.or.kr/cms/resource/41/2653741_image2_1.JPG;Y;20200501;20200630;0;0;0;fe
;덕수궁 석조전 음악회 2020;1;서울특별시 중구 세종대로 99;(정동);126.9748047119;37.5657876002;;http://tong.visitkorea.or.kr/cms/resource/98/495198_image2_1.jpg;Y;20200527;20201125;0;0;0;fe
;덕수궁 왕궁수문장교대의식;1;서울특별시 중구 세종대로 99;(정동);126.9761046145;37.5650460435;;http://tong.visitkorea.or.kr/cms/resource/24/495224_image2_1.jpg;Y;20200101;20201231;0;0;0;fe
;덕수궁 풍류 2020;1;서울특별시 중구 세종대로 99;(정동);126.9749158128;37.5658042673;;http://tong.visitkorea.or.kr/cms/resource/08/1965908_image2_1.jpg;Y;20200605;20201003;0;0;0;fe
;도솔산지구 전투전승행사 2020;32;강원도 양구군 양구읍 박수근로 366-24;(양구읍);127.9830220431;38.1042324178;;http://tong.visitkorea.or.kr/cms/resource/06/172106_image2_1.jpg;Y;20200619;20200619;0;0;0;fe
;동래읍성 역사축제 2020;6;부산광역시 동래구 문화로 80;(명륜동);129.0901347694;35.2121421097;;http://tong.visitkorea.or.kr/cms/resource/60/2612860_image2_1.JPG;Y;20201009;20201011;0;0;0;fe
;동아시아 문화도시 2020;38;전라남도 순천시 국가정원1호길 47;(오천동);126.7000664030;37.4476825423;;http://tong.visitkorea.or.kr/cms/resource/80/2542880_image2_1.PNG;Y;20200501;20200501;0;0;0;fe
;동편제마을 국악 거리축제 2020;37;전라북도 남원시 운봉읍 비전길 7;;127.5626871293;35.4575258703;;http://tong.visitkorea.or.kr/cms/resource/88/2598388_image2_1.jpg;Y;20200904;20200906;0;0;0;fe
;딸기송어축제 2020;31;경기도 양평군 단월면 곱다니길 55-2;;127.6573663730;37.5144948588;;http://tong.visitkorea.or.kr/cms/resource/79/1988379_image2_1.JPG;Y;20191206;20200607;0;0;0;fe
;땅끝 해넘이해맞이축제 2020;38;전라남도 해남군 송지면 땅끝마을길 42;;126.5275070462;34.2997663859;;;Y;20191231;20200101;0;0;0;fe
;랩배틀그라운드 2020;32;강원도 철원군 동송읍 금학로210번길 12-3;;127.2201164918;38.2077505366;;http://tong.visitkorea.or.kr/cms/resource/67/2656567_image2_1.jpg;Y;20200919;20200919;0;0;0;fe
;레인보우 아일랜드 2020;31;경기도 가평군 가평읍 자라섬로 60;;127.5210475885;37.8208928790;;http://tong.visitkorea.or.kr/cms/resource/56/2493556_image2_1.jpg;Y;20200926;20200927;0;0;0;fe
;마노르블랑 동백꽃축제 2019;39;제주특별자치도 서귀포시 안덕면 일주서로2100번길 46;;126.2949957149;33.2548510403;;http://tong.visitkorea.or.kr/cms/resource/32/2638732_image2_1.jpg;Y;20191201;20200229;0;0;0;fe
;마노르블랑 유럽수국축제 2020;39;제주특별자치도 서귀포시 안덕면 일주서로2100번길 46;;126.2930374799;33.2580867635;;http://tong.visitkorea.or.kr/cms/resource/85/2660085_image2_1.jpg;Y;20200525;20200831;0;0;0;fe
;마켓을 여행하다 2020;1;서울특별시 중구 장충단로13길 20;;127.0076821872;37.5687878415;;http://tong.visitkorea.or.kr/cms/resource/10/2622610_image2_1.jpg;Y;20200619;20200621;0;0;0;fe
;마포나루 새우젓축제 2020;1;서울특별시 마포구 월드컵로 243-48;(성산동);126.8979117904;37.5633642833;;;Y;20201016;20201018;0;0;0;fe
;메가쇼 2020;31;경기도 고양시 일산서구 킨텍스로 217-60;(대화동);126.7461032221;37.6691714862;;http://tong.visitkorea.or.kr/cms/resource/08/2659608_image2_1.jpg;Y;20200618;20200621;0;0;0;fe
;명량대첩축제 2020;38;전라남도 해남군 문내면 관광레저로 12-36;;126.3116750901;34.5740849043;;http://tong.visitkorea.or.kr/cms/resource/50/2385250_image2_1.jpg;Y;20200911;20200913;0;0;0;fe
;명원세계차박람회 2020;1;서울특별시 강남구 영동대로 513;;127.0591874466;37.5117592813;;http://tong.visitkorea.or.kr/cms/resource/19/2651019_image2_1.JPG;Y;20200806;20200809;0;0;0;fe
;명주인형극제 2020;32;강원도 강릉시 경강로2021번길 9-1;(명주동);128.8897923899;37.7503881446;;http://tong.visitkorea.or.kr/cms/resource/20/2543720_image2_1.JPG;Y;20200805;20200809;0;0;0;fe
;목포항구축제 2020;38;전라남도 목포시 삼학로92번길 68;;126.3922741039;34.7828349612;;http://tong.visitkorea.or.kr/cms/resource/52/2590352_image2_1.jpg;Y;20201008;20201011;0;0;0;fe
;무등울림 2020;5;광주광역시 동구 의재로 222;(운림동);126.9523771168;35.1336797291;;http://tong.visitkorea.or.kr/cms/resource/39/2660239_image2_1.JPG;Y;20201016;20201018;0;0;0;fe
;무섬외나무다리축제 2020;35;경상북도 영주시 문수면 무섬로234번길 41;(문수면);128.6213025371;36.7316057476;;http://tong.visitkorea.or.kr/cms/resource/77/1685077_image2_1.jpg;Y;20201010;20201011;0;0;0;fe
;무주반딧불축제 2020;37;전라북도 무주군 무주읍 한풍루로 326-17;(설천면);127.7588883191;36.0122914188;;http://tong.visitkorea.or.kr/cms/resource/28/1929728_image2_1.jpg;Y;20200905;20200913;0;0;0;fe
;무주산골영화제 2020;37;전라북도 무주군 무주읍 당산리 무주등나무운동장;;127.6615111196;36.0026407785;;http://tong.visitkorea.or.kr/cms/resource/73/2650373_image2_1.jpg;Y;20200604;20200608;0;0;0;fe
;물맑은양평 빙어축제 2020;31;경기도 양평군 단월면 곱다니길 55-2;;127.6573663730;37.5144948588;;http://tong.visitkorea.or.kr/cms/resource/35/2580635_image2_1.JPG;Y;20191206;20200216;0;0;0;fe
;밀양 공연예술축제 2020;36;경상남도 밀양시 부북면 창밀로 3097-16;;128.7046512764;35.5334627837;;http://tong.visitkorea.or.kr/cms/resource/24/2610224_image2_1.jpg;Y;20200801;20200816;0;0;0;fe
;밀양강 상설프로그램 - 밀양강이 들려주는 밀양아리랑 2020;36;경상남도 밀양시 삼문동 244-2;;128.7552785917;35.4899880558;;http://tong.visitkorea.or.kr/cms/resource/42/2657442_image2_1.jpg;Y;20200509;20200919;0;0;0;fe
;백수해안도로 노을축제 2020;38;전라남도 영광군 백수읍 해안로 950;;126.3895604695;35.3517483998;;http://tong.visitkorea.or.kr/cms/resource/55/2649755_image2_1.jpg;Y;20201003;20201004;0;0;0;fe
;백제문화제 2020;34;충청남도 부여군 규암면 백제문로 386-6;;126.8987016918;36.3050233941;;http://tong.visitkorea.or.kr/cms/resource/45/2493145_image2_1.JPG;Y;20200926;20201004;0;0;0;fe
;번암 물빛 축제 2020;37;전라북도 장수군 번암면 장수로 480;;127.5441646151;35.5311838791;;http://tong.visitkorea.or.kr/cms/resource/76/2649776_image2_1.jpg;Y;20200807;20200808;0;0;0;fe
;베어트리파크 철쭉제 2020;8;세종특별자치시 전동면 신송로 217;;127.2095361586;36.6704147109;;http://tong.visitkorea.or.kr/cms/resource/40/2650440_image2_1.jpg;Y;20200417;20200510;0;0;0;fe
;벽초지수목원 튤립축제 2020;31;경기도 파주시 광탄면 부흥로 242;;126.8754543355;37.8005668228;;http://tong.visitkorea.or.kr/cms/resource/54/2650454_image2_1.jpg;Y;20200411;20200505;0;0;0;fe
;별빛정원우주 365일 별빛축제 2020;31;경기도 이천시 마장면 덕이로154번길 287-76;;127.3897540042;37.2412993636;;http://tong.visitkorea.or.kr/cms/resource/56/2566756_image2_1.jpg;Y;20200101;20201231;0;0;0;fe
;보드게임콘 대전 2020;3;대전광역시 유성구 엑스포로 107 대전컨벤션센터;;127.3919056259;36.3752740158;;http://tong.visitkorea.or.kr/cms/resource/44/2642944_image2_1.jpg;Y;20200926;20200927;0;0;0;fe
;보드게임콘 2020;1;서울특별시 강남구 영동대로 513;(삼성동);127.0594429796;37.5117148467;;http://tong.visitkorea.or.kr/cms/resource/85/2655485_image2_1.jpg;Y;20200718;20200719;0;0;0;fe
;보성차밭빛축제 2020;38;전라남도 보성군 보성읍 녹차로 775;;127.0817371312;34.7198757111;;http://tong.visitkorea.or.kr/cms/resource/80/2572580_image2_1.JPG;Y;20191129;20200105;0;0;0;fe
;보신각타종행사;1;서울특별시 종로구 종로 54;(관철동);126.9835621340;37.5697984025;;http://tong.visitkorea.or.kr/cms/resource/47/2487947_image2_1.jpg;Y;20200101;20201231;0;0;0;fe
;보은 대추축제 2020;33;충청북도 보은군 보은읍 뱃들로 54;(보은읍);127.7232423965;36.4863477960;;http://tong.visitkorea.or.kr/cms/resource/17/2649817_image2_1.JPG;Y;20201016;20201025;0;0;0;fe
;봉화송이축제 2020;35;경상북도 봉화군 봉화읍 봉화로 1111;;128.7317268600;36.8931448983;;http://tong.visitkorea.or.kr/cms/resource/92/2620592_image2_1.jpg;Y;20201008;20201011;0;0;0;fe
;부산 불꽃축제 2020;6;부산광역시 수영구 광안해변로 219;(광안동);129.1184922375;35.1537908369;;http://tong.visitkorea.or.kr/cms/resource/30/2552030_image2_1.JPG;Y;20201107;20201107;0;0;0;fe
;부산 삼락벚꽃축제 2020;6;부산광역시 사상구 삼락동 686;;128.9770930280;35.1685282437;;;Y;20200328;20200328;0;0;0;fe
;부산 영도다리축제 2020;6;부산광역시 영도구 동삼동;;129.0366953911;35.0954041962;;http://tong.visitkorea.or.kr/cms/resource/98/2659698_image2_1.jpg;Y;20201016;20201018;0;0;0;fe
;부산 의료기기 전시회 KIMES BUSAN 2020;6;부산광역시 해운대구 APEC로 55;;129.1363347095;35.1691116738;;http://tong.visitkorea.or.kr/cms/resource/95/2556695_image2_1.JPG;Y;20201023;20201025;0;0;0;fe
;부산 조선통신사축제 2020;6;부산광역시 중구 용두산길 35-26;(광복동2가);129.0326928231;35.1004841098;;;Y;20201024;20201025;0;0;0;fe
;부산 코믹월드 2020;6;부산광역시 해운대구 APEC로 55;;129.1359569660;35.1690700054;;http://tong.visitkorea.or.kr/cms/resource/70/2551770_image2_1.jpg;Y;20200926;20200927;0;0;0;fe
;부산국제관광전 2020;6;부산광역시 해운대구 APEC로 55;(우동);129.1359569660;35.1690700054;;;Y;20200917;20200920;0;0;0;fe
;부산국제단편영화제 2020;6;부산광역시 해운대구 수영강변대로 120;(우동);129.1269826847;35.1713084771;;http://tong.visitkorea.or.kr/cms/resource/78/2655878_image2_1.jpg;Y;20200827;20200831;0;0;0;fe
;부산국제무용제 2020;6;부산광역시 해운대구 달맞이길62번길 47;;129.1723763250;35.1580163619;;http://tong.visitkorea.or.kr/cms/resource/84/2597984_image2_1.JPG;Y;20200911;20200913;0;0;0;fe
;부산국제식품대전 2020;6;부산광역시 해운대구 APEC로 55;(우동);129.1356514414;35.1689089062;;http://tong.visitkorea.or.kr/cms/resource/56/2381756_image2_1.JPG;Y;20200617;20200620;0;0;0;fe
;부산국제아트페어 2020;6;부산광역시 해운대구 APEC로 55;;129.1356514414;35.1689089062;;http://tong.visitkorea.or.kr/cms/resource/97/2627197_image2_1.jpg;Y;20201203;20201207;0;0;0;fe
;부산국제차공예박람회 2020;6;부산광역시 해운대구 APEC로 55;(우동);129.1359569660;35.1690700054;;;Y;20200618;20200621;0;0;0;fe
;부산자갈치축제 2020;6;부산광역시 중구 자갈치해안로 52;(남포동4가);129.0306014426;35.0966650543;;http://tong.visitkorea.or.kr/cms/resource/13/2505313_image2_1.JPG;Y;20201008;20201011;0;0;0;fe
;부산커피쇼 (Busan Coffee show) 2020;6;부산광역시 해운대구 APEC로 55;(우동);129.1359569660;35.1690700054;;;Y;20200617;20200620;0;0;0;fe
;부산크리스마스트리문화축제 2019;6;부산광역시 중구 광복로 58-2;(광복동2가);129.0314790780;35.0990842439;;;Y;20191116;20200105;0;0;0;fe
;부안 마실축제 2020;37;전라북도 부안군 부안읍 예술회관길 11;;126.7255045187;35.7243617115;;http://tong.visitkorea.or.kr/cms/resource/57/2646257_image2_1.JPG;Y;20200918;20200920;0;0;0;fe
;부천 국제판타스틱영화제 2020;31;경기도 부천시;;126.7654200557;37.5014468972;;http://tong.visitkorea.or.kr/cms/resource/49/2383049_image2_1.jpg;Y;20200709;20200716;0;0;0;fe
;부천 아인스월드 빛축제 - 세계야경 판타지 빛축제 2020;31;경기도 부천시 원미구 도약로 1;(상동);126.7464881422;37.5124341734;;http://tong.visitkorea.or.kr/cms/resource/41/2470741_image2_1.JPG;Y;20200101;20201231;0;0;0;fe
;부천국제만화축제 2020;31;경기도 부천시 길주로 1;;126.7424497412;37.5081512657;;http://tong.visitkorea.or.kr/cms/resource/93/2011393_image2_1.jpg;Y;20200918;20200920;0;0;0;fe
;부천세계비보이대회 (Bucheon Bboy International Championship) 2020;31;경기도 부천시 부천로 3;(심곡동);126.7823328711;37.4846908118;;http://tong.visitkorea.or.kr/cms/resource/11/2649911_image2_1.png;Y;20200925;20200927;0;0;0;fe
;부평풍물대축제 2020;2;인천광역시 부평구 부평대로 168;(부평동);126.7218183207;37.5070399183;;http://tong.visitkorea.or.kr/cms/resource/60/2598560_image2_1.jpg;Y;20201016;20201018;0;0;0;fe
;비건페스타 2020;1;서울특별시 강남구 남부순환로 3104;(대치동);127.0719811806;37.4957363721;;http://tong.visitkorea.or.kr/cms/resource/25/2658425_image2_1.jpg;Y;20200807;20200809;0;0;0;fe
;빈 소년 합창단 신년음악회 2020;1;서울특별시 송파구 올림픽로 300;;127.1025668077;37.5126099637;;http://tong.visitkorea.or.kr/cms/resource/98/2587598_image2_1.jpg;Y;20200118;20200119;0;0;0;fe
;빛의 광장 IN DMC 2020;1;서울특별시 마포구 성암로 267;;126.8910035842;37.5811759771;;http://tong.visitkorea.or.kr/cms/resource/07/2641007_image2_1.png;Y;20191220;20200119;0;0;0;fe
;빛의 벙커 '반 고흐' 2020;39;제주특별자치도 서귀포시 성산읍 서성일로1168번길 89-17;;126.8990724780;33.4398096742;;http://tong.visitkorea.or.kr/cms/resource/36/2637136_image2_1.png;Y;20191206;20201025;0;0;0;fe
;빵쇼 팡팡크루즈;1;서울특별시 영등포구 여의동로 290;;126.9384091592;37.5257832637;;;Y;20200101;20201231;0;0;0;fe
;쁘띠프랑스 어린왕자 별빛축제 2020;31;경기도 가평군 청평면 호반로 1063;(청평면);127.4905534526;37.7153018173;;http://tong.visitkorea.or.kr/cms/resource/07/2515107_image2_1.jpg;Y;20191201;20200229;0;0;0;fe
;사람사랑 생명사랑 밤길걷기 2020;1;서울특별시 영등포구 여의동로 330 (여의도 한강공원 너른들판);;126.9336123570;37.5263886632;;http://tong.visitkorea.or.kr/cms/resource/93/2658493_image2_1.jpg;Y;20200829;20200927;0;0;0;fe
;사천시 삼천포항 자연산 전어축제 2020;36;경상남도 사천시 팔포1길 65;(서금동);128.0758892299;34.9260558403;;http://tong.visitkorea.or.kr/cms/resource/83/2657883_image2_1.jpg;Y;20200724;20200727;0;0;0;fe
;산수유마을 양평 빙어축제 2020;31;경기도 양평군 개군면 아랫상골길 22-8 향리낚시터;;127.5652548579;37.4329387228;;http://tong.visitkorea.or.kr/cms/resource/12/2638712_image2_1.jpg;Y;20200105;20200116;0;0;0;fe
;산정호수 윈터 페스타 2019;31;경기도 포천시 영북면 산정호수로411번길 112-28;;127.3242694218;38.0673188642;;http://tong.visitkorea.or.kr/cms/resource/35/2638735_image2_1.jpg;Y;20191220;20200209;0;0;0;fe
;삼광사 연등축제 2020;6;부산광역시 부산진구 초읍천로33번길 29-7;(초읍동);129.0435176067;35.1756064530;;http://tong.visitkorea.or.kr/cms/resource/81/217681_image2_1.jpg;Y;20200516;20200530;0;0;0;fe
;새만금 노마드 페스티벌 2020;37;전라북도 군산시 옥도면 야미도리 166;;126.4965498804;35.8363978474;;http://tong.visitkorea.or.kr/cms/resource/67/2555167_image2_1.JPG;Y;20200814;20200816;0;0;0;fe
;새해맞이 시민의 종 타종행사 2020;6;부산광역시 중구 용두산길 37-55;;129.0324678301;35.1009479421;;http://tong.visitkorea.or.kr/cms/resource/46/2583546_image2_1.JPG;Y;20191231;20200101;0;0;0;fe
;서귀포 겨울바다 국제펭귄수영대회 2020;39;제주특별자치도 서귀포시 색달동 3039;;126.4156521304;33.2450179104;;http://tong.visitkorea.or.kr/cms/resource/06/2639306_image2_1.jpg;Y;20200101;20200101;0;0;0;fe
;서귀포 칠십리축제 2020;39;제주특별자치도 서귀포시 서귀동 70-1;;126.5688166529;33.2440204417;;http://tong.visitkorea.or.kr/cms/resource/47/2609447_image2_1.jpg;Y;20200925;20200927;0;0;0;fe
;서대문독립민주축제 2020;1;서울특별시 서대문구 통일로 251;(현저동);126.9555506693;37.5743584811;;http://tong.visitkorea.or.kr/cms/resource/53/2499653_image2_1.JPG;Y;20200814;20200815;0;0;0;fe
;서면트리축제 2019;6;부산광역시 부산진구 부전동 동천로 일대;;129.0586528177;35.1603889922;;http://tong.visitkorea.or.kr/cms/resource/17/2632117_image2_1.jpg;Y;20191115;20200105;0;0;0;fe
;서울 구로국제어린이영화제 2020;1;서울특별시 구로구 일대;(구로동);126.8875146499;37.4954636544;;http://tong.visitkorea.or.kr/cms/resource/40/2592240_image2_1.JPG;Y;20200702;20200708;0;0;0;fe
;서울 국제 푸드 앤 테이블웨어 박람회 2020;1;서울특별시 서초구 강남대로 27;(양재동);127.0396016001;37.4672141004;;http://tong.visitkorea.or.kr/cms/resource/79/2643779_image2_1.JPG;Y;20200710;20200712;0;0;0;fe
;서울 물순환 시민문화제 2020;1;서울특별시 중구 세종대로 110;(태평로1가);126.9783710306;37.5665986816;;http://tong.visitkorea.or.kr/cms/resource/15/2549515_image2_1.jpg;Y;20200723;20200725;0;0;0;fe
;서울 밤도깨비 야시장 2020;1;서울특별시 영등포구 여의동로 330;(여의도동);126.9335762507;37.5263358907;;http://tong.visitkorea.or.kr/cms/resource/53/2376253_image2_1.jpg;Y;20200405;20201027;0;0;0;fe
;서울 살롱 뒤 쇼콜라 2021;1;서울특별시 강남구 영동대로 513;;127.0591318945;37.5118092746;;http://tong.visitkorea.or.kr/cms/resource/11/2659111_image2_1.jpg;Y;20210114;20210116;0;0;0;fe
;서울 아시테지 겨울축제 2020;1;서울특별시 종로구 성균관로 91 올림픽기념국민생활관 신관 / 종로구 대학로 14길 29 2층 2관 /창경궁로35길 29;;126.9988129355;37.5904796058;;http://tong.visitkorea.or.kr/cms/resource/25/2637125_image2_1.jpg;Y;20200108;20200119;0;0;0;fe
;서울 코믹월드 2020;1;서울특별시 서초구 강남대로 27;(양재동);127.0390127336;37.4683111849;;http://tong.visitkorea.or.kr/cms/resource/72/2551772_image2_1.JPG;Y;20201107;20201108;0;0;0;fe
;서울365패션쇼 2020;1;서울특별시 중구 서소문로 124;;126.9752380805;37.5631601358;;http://tong.visitkorea.or.kr/cms/resource/20/2657520_image2_1.jpg;Y;20200401;20201231;0;0;0;fe
;서울거리예술축제 2020;1;서울특별시 중구 세종대로 110;;126.9783710306;37.5665986816;;http://tong.visitkorea.or.kr/cms/resource/03/2657903_image2_1.jpg;Y;20201001;20201004;0;0;0;fe
;서울국제관광산업박람회 2020;1;서울특별시 강남구 남부순환로 3104;;127.0719811806;37.4957363721;;http://tong.visitkorea.or.kr/cms/resource/41/2657941_image2_1.jpg;Y;20201109;20201112;0;0;0;fe
;서울국제불교박람회 2020;1;서울특별시 강남구 남부순환로 3104 SETEC;;127.0719811806;37.4957363721;;http://tong.visitkorea.or.kr/cms/resource/68/2620568_image2_1.jpg;Y;20201022;20201025;0;0;0;fe
;서울국제주류박람회 2020;1;서울특별시 강남구 영동대로 513 코엑스 C홀;;127.0591874466;37.5117592813;;http://tong.visitkorea.or.kr/cms/resource/76/2624676_image2_1.jpg;Y;20200612;20200614;0;0;0;fe
;서울국제즉흥춤축제 2020;1;서울특별시 종로구 대학로10길 17;;127.0029767101;37.5811335446;;http://tong.visitkorea.or.kr/cms/resource/96/2649496_image2_1.jpg;Y;20200421;20200426;0;0;0;fe
;서울국제핸드메이드페어 2020;1;서울특별시 중구 을지로 281;(을지로7가);127.0096320684;37.5667131184;;http://tong.visitkorea.or.kr/cms/resource/48/2545848_image2_1.JPG;Y;20200716;20200719;0;0;0;fe
;서울디저트페어 2020;1;서울특별시 서초구 강남대로 27;;127.0390127336;37.4683111849;;http://tong.visitkorea.or.kr/cms/resource/41/2657141_image2_1.jpg;Y;20200627;20200628;0;0;0;fe
;서울디저트페어 2020;1;서울특별시 서초구 강남대로 27 양재 aT센터;;127.0390127336;37.4683111849;;http://tong.visitkorea.or.kr/cms/resource/13/2643313_image2_1.jpg;Y;20200207;20200209;0;0;0;fe
;서울라이트(SEOUL LIGHT) 2019;1;서울특별시 중구 을지로 281 DDP디자인거리;;127.0099486810;37.5675991318;;http://tong.visitkorea.or.kr/cms/resource/73/2640873_image2_1.png;Y;20191220;20200103;0;0;0;fe
;서울랜드 겨울 빛축제 2020;31;경기도 과천시 광명로 181;(막계동);127.0169239697;37.4366477965;;http://tong.visitkorea.or.kr/cms/resource/71/2637071_image2_1.jpg;Y;20191115;20200301;0;0;0;fe
;서울모터쇼 (Seoul Motor Show) 2021;31;경기도 고양시 일산서구 킨텍스로 217-60;(대화동);126.7455782754;37.6689909419;;;Y;20210401;20210411;0;0;0;fe
;서울시향 모차르트 교향곡 제36번 '린츠’ 2020;1;서울특별시 서초구 남부순환로 2406;;127.0107566806;37.4785900399;;http://tong.visitkorea.or.kr/cms/resource/47/2643747_image2_1.png;Y;20200221;20200221;0;0;0;fe
;서울시향 오스모 벤스케의 말러 교향곡 2번 '부활' 2020;1;서울특별시 송파구 올림픽로 300 롯데월드몰 8층;;127.1025668077;37.5126099637;;http://tong.visitkorea.or.kr/cms/resource/45/2643745_image2_1.jpg;Y;20200214;20200215;0;0;0;fe
;서울시향 카바코스의 베토벤 바이올린 협주곡 2020;1;서울특별시 송파구 올림픽로 300 롯데월드몰 8층;;127.1025668077;37.5126099637;;http://tong.visitkorea.or.kr/cms/resource/55/2639655_image2_1.jpg;Y;20200109;20200109;0;0;0;fe
;서울안전한마당 2020;1;서울특별시 영등포구 여의공원로 68;(여의도동);126.9223217070;37.5268134115;;http://tong.visitkorea.or.kr/cms/resource/25/2591025_image2_1.JPG;Y;20200924;20200926;0;0;0;fe
;서울연극제 2020;1;서울특별시 종로구 대학로8길 7;(동숭동);127.0029794866;37.5811724288;;http://tong.visitkorea.or.kr/cms/resource/10/2598910_image2_1.jpg;Y;20200502;20200531;0;0;0;fe
;서울영상광고제 2020;1;서울특별시 중구 세종대로 110;;126.9783710306;37.5665986816;;http://tong.visitkorea.or.kr/cms/resource/06/2640606_image2_1.jpg;Y;20200107;20200107;0;0;0;fe
;서울장미축제 2020;1;서울특별시 중랑구 중랑천로 332;;127.0735276696;37.6143448429;;http://tong.visitkorea.or.kr/cms/resource/86/2637286_image2_1.jpg;Y;20200515;20200531;0;0;0;fe
;서울재즈페스티벌 (SJF) 2020;1;서울특별시 송파구 올림픽로 424;(방이동);127.1224425827;37.5194456386;;http://tong.visitkorea.or.kr/cms/resource/62/2383462_image2_1.jpg;Y;20200523;20200524;0;0;0;fe
;서울카페쇼 2020;1;서울특별시 강남구 영동대로 513;;127.0591874466;37.5117592813;;http://tong.visitkorea.or.kr/cms/resource/31/2649731_image2_1.jpg;Y;20201104;20201107;0;0;0;fe
;서울커플페어 2020;1;서울특별시 강남구 남부순환로 3104 SETEC 제3전시장;;127.0719811806;37.4957363721;;http://tong.visitkorea.or.kr/cms/resource/32/2646932_image2_1.jpg;Y;20200703;20200705;0;0;0;fe
;서울크리스마스페스티벌 2019;1;서울특별시 종로구 청계천로 41;;126.9821594884;37.5696483948;;http://tong.visitkorea.or.kr/cms/resource/18/2641118_image2_1.jpg;Y;20191213;20200101;0;0;0;fe
;서울프린지페스티벌 2020;1;서울특별시 마포구 증산로 87;(성산동);126.8929203036;37.5731297249;;http://tong.visitkorea.or.kr/cms/resource/47/2613647_image2_1.JPG;Y;20200813;20200823;0;0;0;fe
;서천 마량포 해넘이∙해돋이 2020;34;충청남도 서천군 서면 서인로 56;(마량리);126.5010474410;36.1324863158;;http://tong.visitkorea.or.kr/cms/resource/42/2640742_image2_1.jpg;Y;20191231;20200101;0;0;0;fe
;섬진강 백사장 달마중 2020;36;경상남도 하동군 악양면 악양동로 176;;127.7052465555;35.1463829136;;http://tong.visitkorea.or.kr/cms/resource/55/2656455_image2_1.jpg;Y;20200101;20201231;0;0;0;fe
;세계유산축전 - '제주 화산섬과 용암동굴' 2020;39;제주특별자치도 제주시 조천읍 선교로 569-36;;126.7142575546;33.4569020299;;http://tong.visitkorea.or.kr/cms/resource/39/2651039_image2_1.jpg;Y;20200904;20200920;0;0;0;fe
;세빛 일루미네이션 빛축제 2020;1;서울특별시 서초구 올림픽대로 683;(반포동);126.9959487403;37.5124247345;;http://tong.visitkorea.or.kr/cms/resource/99/2586699_image2_1.jpg;Y;20191201;20200314;0;0;0;fe
;세종 조치원복숭아 축제 2020;8;세종특별자치시 조치원읍 문예회관길 22;;127.2874283133;36.5998297568;;http://tong.visitkorea.or.kr/cms/resource/36/2612836_image2_1.jpg;Y;20200731;20200802;0;0;0;fe
;세종문화회관과 서울시립교향악단이 함께하는 <신년음악회> 2020;1;서울특별시 종로구 세종대로 175;;126.9768321230;37.5722396646;;http://tong.visitkorea.or.kr/cms/resource/52/2639652_image2_1.jpg;Y;20200104;20200104;0;0;0;fe
;센텀맥주축제(CENTUM BEER FESTIVAL) 2020;6;부산광역시 해운대구 센텀서로 30;;129.1284464252;35.1720806398;;http://tong.visitkorea.or.kr/cms/resource/11/2591111_image2_1.JPG;Y;20200820;20200830;0;0;0;fe
;속초 음악불꽃크루즈 2020;32;강원도 속초시 중앙로 214-1;;128.5934271477;38.2096096416;;http://tong.visitkorea.or.kr/cms/resource/77/2585577_image2_1.jpg;Y;20200301;20201231;0;0;0;fe
;속초 해맞이 2020;32;강원도 속초시 해오름로 186-2;;128.6050461888;38.1887261874;;http://tong.visitkorea.or.kr/cms/resource/85/2639685_image2_1.jpg;Y;20191231;20200101;0;0;0;fe
;수문장 교대의식;1;서울특별시 종로구 사직로 161;(세종로);126.9767235747;37.5801859611;;http://tong.visitkorea.or.kr/cms/resource/96/868696_image2_1.jpg;Y;20200101;20201231;0;0;0;fe
;수성못 페스티벌(SUSEONG LAKE FESTIVAL) 2020;4;대구광역시 수성구 무학로 112;;128.6205949230;35.8293778245;;http://tong.visitkorea.or.kr/cms/resource/15/2379215_image2_1.JPG;Y;20200918;20200920;0;0;0;fe
;수성빛예술제 2020;4;경북 대구 수성구 두산동 512 수성못 일대;;128.6182979022;35.8294027794;;http://tong.visitkorea.or.kr/cms/resource/27/2641127_image2_1.jpg;Y;20191220;20200112;0;0;0;fe
;순천 푸드·아트 페스티벌 2020;38;전라남도 순천시 중앙로 125;(행동);127.4840069709;34.9567976217;;http://tong.visitkorea.or.kr/cms/resource/18/2485118_image2_1.JPG;Y;20200911;20200913;0;0;0;fe
;스타프랜쇼 (STAR-FRAN SHOW) 2020;31;경기도 고양시 일산서구 킨텍스로 217-60;(대화동);126.7457782594;37.6689215091;;http://tong.visitkorea.or.kr/cms/resource/12/2501612_image2_1.jpg;Y;20200423;20200425;0;0;0;fe
;슬기로운 집사생활 2020;31;경기도 수원시 영통구 광교중앙로 140;(하동);127.0594632301;37.2858799237;;http://tong.visitkorea.or.kr/cms/resource/16/2656916_image2_1.jpg;Y;20200724;20200726;0;0;0;fe
;신라문화제 2020;35;경북 경주시 용담로 79-41;;129.2120059932;35.8600242878;;http://tong.visitkorea.or.kr/cms/resource/11/2620511_image2_1.JPG;Y;20201008;20201014;0;0;0;fe
;신안 섬보라색 축제 2020;38;전라남도 신안군 안좌면 소곡두리길 257-1;;126.1194469587;34.7190877045;;http://tong.visitkorea.or.kr/cms/resource/17/2660617_image2_1.jpg;Y;20200710;20200802;0;0;0;fe
;신안 섬수국축제 2020;38;전남 신안군 도초면 지남리;;125.9285452858;34.6815388662;;http://tong.visitkorea.or.kr/cms/resource/09/2660609_image2_1.jpg;Y;20200626;20200705;0;0;0;fe
;아세안문화원 자동차극장 ' 집콕탈출' 2020;6;부산광역시 해운대구 해운대해변로 84;;129.1419844733;35.1598405944;;http://tong.visitkorea.or.kr/cms/resource/74/2656674_image2_1.jpg;Y;20200522;20200524;0;0;0;fe
;아시아프 2020;1;서울특별시 마포구 와우산로 94;;126.9255540555;37.5512772937;;http://tong.visitkorea.or.kr/cms/resource/35/2495535_image2_1.jpg;Y;20200721;20200816;0;0;0;fe
;아차산 해맞이 2020;1;서울특별시 광진구 워커힐로 127;(광장동);127.0976050532;37.5511581749;;http://tong.visitkorea.or.kr/cms/resource/83/2580383_image2_1.jpg;Y;20200101;20200101;0;0;0;fe
;아침고요수목원 봄나들이 봄꽃축제 2020;31;경기도 가평군 상면 수목원로 432;(상면);127.3519430810;37.7417489763;;http://tong.visitkorea.or.kr/cms/resource/05/2651805_image2_1.jpg;Y;20200417;20200524;0;0;0;fe
;아침고요수목원 수국전시회 2020;31;경기도 가평군 상면 수목원로 432;;127.3525568480;37.7440126130;;http://tong.visitkorea.or.kr/cms/resource/59/2658059_image2_1.jpg;Y;20200606;20200705;0;0;0;fe
;아침고요야생화전 2020;31;경기도 가평군 상면 수목원로 432;;127.3525096320;37.7439487308;;http://tong.visitkorea.or.kr/cms/resource/54/2488954_image2_1.jpg;Y;20200318;20200405;0;0;0;fe
;안동 달빛투어 달그락 2020;35;경상북도 안동시;(운흥동);128.7329475077;36.5628271349;;;Y;20200701;20201031;0;0;0;fe
;안산 별빛마을 애니멀 & 하트빌리지 빛축제 2020;31;경기도 안산시 상록구 수인로 1723;(부곡동);126.8634434286;37.3394480000;;http://tong.visitkorea.or.kr/cms/resource/35/2485135_image2_1.jpg;Y;20200101;20201231;0;0;0;fe
;안성 남사당 상설공연 2020;31;경기도 안성시 보개면 남사당로 198-2;;127.3101448759;37.0318221187;;http://tong.visitkorea.or.kr/cms/resource/52/2607852_image2_1.jpg;Y;20200328;20201128;0;0;0;fe
;안성두메호수빙어축제 2020;31;경기도 안성시 죽산면 두메호수로 90;;127.4284792701;37.0094684960;;http://tong.visitkorea.or.kr/cms/resource/60/2569560_image2_1.JPG;Y;20191228;20200202;0;0;0;fe
;안성팜랜드 봄!봄!봄! 냉이축제 2020;31;경기도 안성시 공도읍 대신두길 28;;127.1944119888;36.9920801848;;http://tong.visitkorea.or.kr/cms/resource/65/2535765_image2_1.JPG;Y;20200214;20200322;0;0;0;fe
;안성팜랜드 초원 눈썰매장 2020;31;경기도 안성시 공도읍 대신두길 28;;127.1943897688;36.9920551873;;http://tong.visitkorea.or.kr/cms/resource/19/2456619_image2_1.JPG;Y;20200104;20200209;0;0;0;fe
;알프스하동 섬진강문화 재첩축제 2020;36;경상남도 하동군 하동읍 섬진강대로 2107-8;;127.7433592444;35.0633734735;;http://tong.visitkorea.or.kr/cms/resource/41/2557241_image2_1.jpg;Y;20200724;20200727;0;0;0;fe
;앤서니 브라운展 - 행복극장 2020;4;대구광역시 북구 엑스코로 10;;128.6131211911;35.9072105425;;http://tong.visitkorea.or.kr/cms/resource/54/2566854_image2_1.jpeg;Y;20191206;20200228;0;0;0;fe
;양산 천성산 철쭉제 2020;36;경상남도 양산시 배움터길 60-19;;129.1434394442;35.3776550906;;;Y;20200511;20200511;0;0;0;fe
;양주 눈꽃축제 2020;31;경기도 양주시 장흥면 권율로 594;;126.9684887063;37.7581595486;;http://tong.visitkorea.or.kr/cms/resource/86/2635486_image2_1.jpg;Y;20191227;20200209;0;0;0;fe
;양주 회암사지 왕실축제 2020;31;경기도 양주시 옥정동 987;;127.1028740399;37.8412550747;;http://tong.visitkorea.or.kr/cms/resource/71/2591371_image2_1.jpg;Y;20201017;20201017;0;0;0;fe
;양평 대자연 빙어송어축제 2020;31;경기도 양평군 지평면 금의길 69;(지평면);127.6527375962;37.4676668642;;http://tong.visitkorea.or.kr/cms/resource/22/2581122_image2_1.jpg;Y;20200103;20200217;0;0;0;fe
;양평빙어축제 2020;31;경기도 양평군 단월면 백동길 269-19;;127.6843181301;37.5610399614;;http://tong.visitkorea.or.kr/cms/resource/17/2575217_image2_1.JPG;Y;20200103;20200126;0;0;0;fe
;어울림빛누리축제 2020;31;경기도 고양시 덕양구 어울림로 33 고양어울림누리 광장;;126.8345456923;37.6496475589;;http://tong.visitkorea.or.kr/cms/resource/10/2640110_image2_1.jpg;Y;20191216;20200131;0;0;0;fe
;에버랜드 로즈가든 2020;31;경기도 용인시 처인구 포곡읍 에버랜드로 199;(포곡읍);127.2040721101;37.2939343647;;http://tong.visitkorea.or.kr/cms/resource/40/2493240_image2_1.JPG;Y;20200515;20200614;0;0;0;fe
;에버랜드 크리스마스판타지 2019;31;경기도 용인시 처인구 포곡읍 에버랜드로 199;;127.2131685506;37.2924319247;;http://tong.visitkorea.or.kr/cms/resource/85/2515085_image2_1.jpg;Y;20191206;20200101;0;0;0;fe
;에버랜드 튤립가든 2020;31;경기도 용인시 처인구 포곡읍 에버랜드로 199;;127.2131685506;37.2924319247;;http://tong.visitkorea.or.kr/cms/resource/71/2539471_image2_1.JPG;Y;20200326;20200430;0;0;0;fe
;여수 야경불꽃크루즈 2020;38;전라남도 여수시 돌산읍 돌산로 3617-18;;127.7369794626;34.7297302429;;http://tong.visitkorea.or.kr/cms/resource/96/2643196_image2_1.jpg;Y;20200101;20201231;0;0;0;fe
;여수 향일암일출제 2020;38;전라남도 여수시 돌산읍 향일암로 70-4;;127.8043881215;34.5942687844;;http://tong.visitkorea.or.kr/cms/resource/41/2579941_image2_1.jpg;Y;20191231;20200101;0;0;0;fe
;연극 라이어 (대학로);1;서울특별시 종로구 대학로 144;;127.0020350484;37.5839831970;;http://tong.visitkorea.or.kr/cms/resource/34/2037934_image2_1.jpg;Y;20200101;20201231;0;0;0;fe
;영광 불갑산상사화축제 2020;38;전라남도 영광군 불갑면 불갑사로 450;;126.5506415778;35.2001904683;;http://tong.visitkorea.or.kr/cms/resource/64/2649764_image2_1.JPG;Y;20200918;20200927;0;0;0;fe
;영광천일염젓갈갯벌축제 2020;38;전라남도 영광군 염산면 향화로 2-10;;126.3603175723;35.1686742123;;http://tong.visitkorea.or.kr/cms/resource/57/2649757_image2_1.JPG;Y;20200828;20200830;0;0;0;fe
;영덕 해맞이 '경북대종 타종식' 2020;35;경상북도 영덕군 강구면 해상공원길 120-7;;129.3838738748;36.3518746522;;http://tong.visitkorea.or.kr/cms/resource/96/1971396_image2_1.jpg;Y;20191231;20200101;0;0;0;fe
;영동 곶감축제 2020;33;충청북도 영동군 영동읍 계산리 영동하상주차장 일원;;127.7851564272;36.1796700511;;http://tong.visitkorea.or.kr/cms/resource/60/2594860_image2_1.jpg;Y;20200103;20200105;0;0;0;fe
;영동 포도축제 2020;33;충청북도 영동군 영동읍 영동황간로 122;;127.7819599172;36.1640162222;;http://tong.visitkorea.or.kr/cms/resource/95/2025995_image2_1.jpg;Y;20200827;20200830;0;0;0;fe
;영동난계국악축제 2020;33;충청북도 영동군 영동읍 중앙로 11;;127.7729881364;36.1770756832;;http://tong.visitkorea.or.kr/cms/resource/09/2598609_image2_1.jpg;Y;20200924;20200927;0;0;0;fe
;영동대로Countdown 2020;1;서울특별시 강남구 영동대로 513;;127.0594429796;37.5117148467;;http://tong.visitkorea.or.kr/cms/resource/91/2642291_image2_1.jpg;Y;20191231;20200101;0;0;0;fe
;영주 사과축제 2020;35;경북 영주시 시민운동장 및 서천둔치;;128.6102096587;36.8071635574;;http://tong.visitkorea.or.kr/cms/resource/12/2613612_image2_1.JPG;Y;20201024;20201101;0;0;0;fe
;영천 보현산 별빛축제 2020;35;경상북도 영천시 화북면 별빛로 681-32;;128.9964752607;36.1402690623;;;Y;20201009;20201011;0;0;0;fe
;옐로우리버비치 시즌6 2020;36;경상남도 합천군 대양면 동부로 39-13;;128.1645146724;35.5599583078;;http://tong.visitkorea.or.kr/cms/resource/30/2656930_image2_1.jpg;Y;20200717;20200830;0;0;0;fe
;오산독산성문화제 2020;31;경기 오산시 금암동 174-1;;127.0458092551;37.1742064941;;http://tong.visitkorea.or.kr/cms/resource/56/2652056_image2_1.JPG;Y;20201016;20201018;0;0;0;fe
;오색별빛정원전 2020;31;경기도 가평군 상면 수목원로 432;(상면);127.3525845994;37.7448402954;;http://tong.visitkorea.or.kr/cms/resource/95/2582795_image2_1.jpg;Y;20191206;20200322;0;0;0;fe
;오송화장품뷰티산업 엑스포 2020;33;충청북도 청주시 흥덕구 오송읍 오송가락로 123;;127.3249965178;36.6233638351;;http://tong.visitkorea.or.kr/cms/resource/43/2654443_image2_1.jpg;Y;20201020;20201024;0;0;0;fe
;오크밸리 3D 라이팅쇼 '소나타오브라이트' 시즌 2 2020;32;강원도 원주시 지정면 오크밸리1길 66;;127.8177986180;37.4346459591;;http://tong.visitkorea.or.kr/cms/resource/15/2588315_image2_1.JPG;Y;20181224;20201231;0;0;0;fe
;완주와일드푸드축제 2020;37;전라북도 완주군 고산면 고산휴양림로 246;;127.2361640908;35.9562996618;;http://tong.visitkorea.or.kr/cms/resource/99/2646699_image2_1.JPG;Y;20201009;20201011;0;0;0;fe
;왜목마을 해넘이 해돋이 축제 2020;34;충청남도 당진시 석문면 왜목길;;126.5268821269;37.0438124401;;;Y;20191231;20200101;0;0;0;fe
;울산 간절곶 해맞이 2020;7;울산광역시 울주군 서생면 간절곶1길 39-2;(서생면);129.3605738299;35.3589668021;;http://tong.visitkorea.or.kr/cms/resource/22/2581522_image2_1.jpg;Y;20191231;20200101;0;0;0;fe
;울산 고래축제 2020;7;울산광역시 남구 장생포고래로288번길 20;(매암동);129.3866285730;35.5049453522;;http://tong.visitkorea.or.kr/cms/resource/25/2593125_image2_1.jpg;Y;20200911;20200913;0;0;0;fe
;울산 마두희축제 2020;7;울산광역시 중구 학성로 97;(성남동);129.3215633773;35.5554995557;;http://tong.visitkorea.or.kr/cms/resource/29/2601329_image2_1.jpg;Y;20200911;20200913;0;0;0;fe
;울산 쇠부리축제 2020;7;울산광역시 북구 달천철장길 58;;129.3294493702;35.6336492470;;http://tong.visitkorea.or.kr/cms/resource/44/2645744_image2_1.jpg;Y;20201009;20201011;0;0;0;fe
;울산대공원 빛 축제 2020;7;울산광역시 남구 대공원로 94;(옥동);129.2940414740;35.5308045918;;http://tong.visitkorea.or.kr/cms/resource/43/2640743_image2_1.JPG;Y;20191220;20200127;0;0;0;fe
;울산조선해양축제 2020;7;울산광역시 동구 해수욕장10길;(일산동);129.4300445069;35.4953000321;;http://tong.visitkorea.or.kr/cms/resource/98/2496298_image2_1.JPG;Y;20200724;20200726;0;0;0;fe
;원마운트 행운펑펑 오로라쇼 2020;31;경기도 고양시 일산서구 한류월드로 300 스노우파크;;126.7545386910;37.6646082788;;http://tong.visitkorea.or.kr/cms/resource/21/2643321_image2_1.jpg;Y;20200101;20200209;0;0;0;fe
;원주 용수골꽃양귀비축제 2020;32;강원도 원주시 판부면 서곡리 1632-2;;127.9382587109;37.2868069456;;http://tong.visitkorea.or.kr/cms/resource/71/2602971_image2_1.jpg;Y;20200523;20200531;0;0;0;fe
;원주한지문화제 2020;32;강원도 원주시 한지공원길 151;;127.9353798084;37.3343736211;;http://tong.visitkorea.or.kr/cms/resource/74/2029874_image2_1.jpg;Y;20200903;20200906;0;0;0;fe
;월미공원 설 명절 체험 프로그램 2020;2;인천광역시 중구 월미로 131-9;(북성동1가);126.6026468031;37.4731917475;;http://tong.visitkorea.or.kr/cms/resource/30/2589830_image2_1.jpg;Y;20200124;20200127;0;0;0;fe
;월미도 불꽃크루즈 2020;2;인천광역시 중구 월미문화로 21;(북성동1가);126.5984970903;37.4764857358;;http://tong.visitkorea.or.kr/cms/resource/92/2585592_image2_1.jpg;Y;20200301;20201231;0;0;0;fe
;의왕 레솔레파크 겨울축제 '겨울아 놀자' 2020;31;경기도 의왕시 왕송못동로 307 레솔레파크 잔디광장;;126.9531361786;37.3071172321;;http://tong.visitkorea.or.kr/cms/resource/60/2575860_image2_1.jpg;Y;20191228;20200119;0;0;0;fe
;의정부 음악극축제 2020;31;경기도 의정부시 의정로 1;(의정부동);127.0340500917;37.7334330545;;http://tong.visitkorea.or.kr/cms/resource/84/2589884_image2_1.jpg;Y;20200717;20200726;0;0;0;fe
;이월드 별빛 스노우판타지 2020;4;대구광역시 달서구 두류공원로 200;(두류동);128.5648324586;35.8548628013;;http://tong.visitkorea.or.kr/cms/resource/08/2580308_image2_1.jpg;Y;20200101;20200301;0;0;0;fe
;이월드 별빛축제 2019;4;대구광역시 달서구 두류공원로 200;;128.5648324581;35.8548822436;;http://tong.visitkorea.or.kr/cms/resource/17/2622817_image2_1.jpg;Y;20191116;20200301;0;0;0;fe
;이월드 수국축제 2020;4;대구광역시 달서구 두류공원로 200;(두류동);128.5648463453;35.8548989086;;http://tong.visitkorea.or.kr/cms/resource/17/2656217_image2_1.jpg;Y;20200430;20200621;0;0;0;fe
;이월드 아쿠아판타지 2020;4;대구광역시 달서구 두류공원로 200;(두류동);128.5648324581;35.8548822436;;http://tong.visitkorea.or.kr/cms/resource/13/2659413_image2_1.jpg;Y;20200711;20200830;0;0;0;fe
;이월드 호러어드벤처 : 좀비스플래쉬 2020;4;대구광역시 달서구 두류공원로 200;(두류동);128.5648324581;35.8548822436;;http://tong.visitkorea.or.kr/cms/resource/23/2659423_image2_1.jpg;Y;20200627;20200830;0;0;0;fe
;이천도자기축제 2020;31;경기도 이천시 신둔면 도자예술로62번길 113-71;;127.3826920744;37.2926544073;;http://tong.visitkorea.or.kr/cms/resource/38/2536038_image2_1.jpg;Y;20200829;20200906;0;0;0;fe
;이천인삼축제 2020;31;경기도 이천시 경충대로2697번길 167-29;;127.4259164684;37.2740656759;;http://tong.visitkorea.or.kr/cms/resource/28/2651428_image2_1.JPG;Y;20201030;20201101;0;0;0;fe
;익산 문화재 야행 2020;37;전라북도 익산시 왕궁면 궁성로 666;;127.0557186642;35.9715781122;;http://tong.visitkorea.or.kr/cms/resource/93/2621593_image2_1.jpg;Y;20200710;20200711;0;0;0;fe
;익산식품대전 2020;37;전라북도 익산시 왕궁면 동촌제길 110;;127.0829215832;35.9795610080;;http://tong.visitkorea.or.kr/cms/resource/29/2651629_image2_1.jpg;Y;20200904;20200905;0;0;0;fe
;인사동 전통문화체험 행사 2020;1;서울특별시 종로구 인사동길 6;(인사동);126.9873534061;37.5715343798;;http://tong.visitkorea.or.kr/cms/resource/99/2654199_image2_1.JPG;Y;20200511;20201115;0;0;0;fe
;인제빙어축제 2020;32;강원도 인제군 남면 부평리 555-2번지;;128.0985008723;37.9977331184;;http://tong.visitkorea.or.kr/cms/resource/67/2531367_image2_1.jpg;Y;20200118;20200127;0;0;0;fe
;인천개항장 문화재야행 2020;2;인천광역시 중구 신포로27번길 80;;126.6215617279;37.4737642366;;http://tong.visitkorea.or.kr/cms/resource/49/2612349_image2_1.jpg;Y;20200912;20200913;0;0;0;fe
;인천소래포구축제 2020;2;인천광역시 남동구 논현동 775;;126.7354423495;37.3975889852;;http://tong.visitkorea.or.kr/cms/resource/26/2617126_image2_1.JPG;Y;20200918;20200920;0;0;0;fe
;자이언트 설악 그란폰도 2020;32;강원도 인제군 상남면 미산리;;128.2604982776;37.8730701325;;http://tong.visitkorea.or.kr/cms/resource/42/2379342_image2_1.jpg;Y;20200919;20200919;0;0;0;fe
;장수 한우랑사과랑축제 2020;37;전라북도 장수군 장수읍 한누리로 393;;127.5180751461;35.6411181919;;http://tong.visitkorea.or.kr/cms/resource/51/2646951_image2_1.png;Y;20201029;20201101;0;0;0;fe
;장승마을 빛 축제;34;충청남도 공주시 사곡면 유구마곡사로 1231;(사곡면);127.0213533746;36.5572993817;;http://tong.visitkorea.or.kr/cms/resource/96/1992096_image2_1.JPG;Y;20191201;20201231;0;0;0;fe
;전북관광브랜드공연 뮤지컬 '홍도1589' 2020;37;전라북도 전주시 완산구 팔달로 161;(경원동1가);127.1471256859;35.8168223223;;http://tong.visitkorea.or.kr/cms/resource/59/2660459_image2_1.jpg;Y;20200529;20201212;0;0;0;fe
;전주 문화재야행 2020;37;전라북도 전주시 완산구 은행로 3;(풍남동2가);127.1517918630;35.8196637464;;http://tong.visitkorea.or.kr/cms/resource/59/2651359_image2_1.jpg;Y;20200808;20200809;0;0;0;fe
;전주 한옥마을 경기전 '왕과의 산책' 2020;37;전라북도 전주시 완산구 태조로 44;(풍남동3가);127.1493588361;35.8162252063;;http://tong.visitkorea.or.kr/cms/resource/25/2597225_image2_1.jpg;Y;20200606;20201031;0;0;0;fe
;전주국제영화제 2020;37;전라북도 전주시 완산구 전주객사4길 46;(고사동);127.1437203505;35.8200080116;;http://tong.visitkorea.or.kr/cms/resource/90/1996790_image2_1.jpg;Y;20200528;20200606;0;0;0;fe
;전주대사습놀이 2020;37;전라북도 전주시 완산구 풍남문4길 27;;127.1451981307;35.8148836206;;http://tong.visitkorea.or.kr/cms/resource/81/2549481_image2_1.jpg;Y;20201009;20201012;0;0;0;fe
;전주독서대전 2020;37;전라북도 전주시 완산구 서학로 95;(동서학동);127.1589275956;35.8098788724;;http://tong.visitkorea.or.kr/cms/resource/35/2656735_image2_1.jpg;Y;20200918;20200920;0;0;0;fe
;전주비빔밥축제 2020;37;전라북도 전주시 완산구 서학로 95;(동서학동);127.1596803132;35.8096094714;;http://tong.visitkorea.or.kr/cms/resource/73/2657573_image2_1.jpg;Y;20201008;20201011;0;0;0;fe
;전주역사박물관 설날 세시풍속 한마당 2020;37;전라북도 전주시 완산구 쑥고개로 259;(효자동2가);127.0930836796;35.8012592666;;http://tong.visitkorea.or.kr/cms/resource/91/1605591_image2_1.jpg;Y;20200124;20200209;0;0;0;fe
;전주제야축제 2020;37;전라북도 전주시 완산구 전라감영로 66;;127.1465729919;35.8154780211;;http://tong.visitkorea.or.kr/cms/resource/97/2642297_image2_1.png;Y;20191231;20200101;0;0;0;fe
;점프;1;서울특별시 중구 마른내로 47;(초동);126.9931947344;37.5646963903;;http://tong.visitkorea.or.kr/cms/resource/50/2031050_image2_1.jpg;Y;20200101;20201231;0;0;0;fe
;정동진 해맞이 축제 '모래시계회전식' 2020;32;강원도 강릉시 강동면 정동진2리;;129.0383809871;37.6868067289;;http://tong.visitkorea.or.kr/cms/resource/20/2576620_image2_1.jpg;Y;20191231;20200101;0;0;0;fe
;정읍사문화제 2020;37;전라북도 정읍시 정읍사로 541;;126.8615801738;35.5507170954;;http://tong.visitkorea.or.kr/cms/resource/44/2508444_image2_1.JPG;Y;20200926;20200927;0;0;0;fe
;정조 효 문화제 2020;31;경기도 화성시 안녕동 187-39;;126.9909965095;37.2118511615;;http://tong.visitkorea.or.kr/cms/resource/89/2649789_image2_1.jpg;Y;20201010;20201011;0;0;0;fe
;정조대왕 능행차 공동재현 2020;31;경기도 수원시 팔달구 정조로 825;;127.0144090964;37.2819351317;;http://tong.visitkorea.or.kr/cms/resource/66/2644266_image2_1.jpg;Y;20201010;20201011;0;0;0;fe
;제야의 종 타종행사 2020;1;서울특별시 종로구 종로 54;(관철동);126.9836593487;37.5697539650;;http://tong.visitkorea.or.kr/cms/resource/06/2524206_image2_1.JPG;Y;20191231;20200101;0;0;0;fe
;제주 허브동산 "별빛놀이" 2020;39;제주특별자치도 서귀포시 표선면 돈오름로 170;;126.8147712030;33.3291149802;;http://tong.visitkorea.or.kr/cms/resource/21/2582021_image2_1.jpg;Y;20200101;20201231;0;0;0;fe
;제주국제관광마라톤축제 2020;39;제주특별자치도 제주시 구좌읍 김녕로 209;(구좌읍);126.7623261043;33.5562723662;;http://tong.visitkorea.or.kr/cms/resource/87/2476887_image2_1.JPG;Y;20200906;20200906;0;0;0;fe
;제주국제관악제 2020;39;제주특별자치도 제주시 동광로 69;(일도이동);126.5349470436;33.5044189046;;http://tong.visitkorea.or.kr/cms/resource/58/2655258_image2_1.png;Y;20200811;20200816;0;0;0;fe
;제주목관�� 설맞이 민속놀이마당 2020;39;제주특별자치도 제주시 관덕로 25;(삼도이동);126.5220646195;33.5137037819;;http://tong.visitkorea.or.kr/cms/resource/88/198488_image2_1.jpg;Y;20200125;20200126;0;0;0;fe
;제주민속촌 설맞이 '설낭 멩질 먹엉 갑써' 2020;39;제주특별자치도 서귀포시 표선면 민속해안로 631-34;(표선면);126.8418190282;33.3218273297;;http://tong.visitkorea.or.kr/cms/resource/62/2589362_image2_1.jpg;Y;20200124;20200127;0;0;0;fe
;제주민속촌 수국축제 2020;39;제주특별자치도 서귀포시 표선면 민속해안로 631-34;;126.8431022619;33.3213162956;;http://tong.visitkorea.or.kr/cms/resource/68/2659968_image2_1.JPG;Y;20200605;20200630;0;0;0;fe
;제주성산일출축제 2020;39;제주특별자치도 서귀포시 성산읍 일출로 284-12;(성산읍);126.9415156012;33.4581111174;;http://tong.visitkorea.or.kr/cms/resource/85/1876185_image2_1.jpg;Y;20191230;20200101;0;0;0;fe
;제주식품대전(JEJU FOOD SHOW) 2020;39;제주특별자치도 서귀포시 중문관광로 224;(중문동);126.4242125845;33.2411990223;;http://tong.visitkorea.or.kr/cms/resource/95/2660595_image2_1.jpg;Y;20200716;20200719;0;0;0;fe
;제주윈터페스티벌 2020;39;제주특별자치도 제주시 1100로 2070-61 한라산 어리목 일대;;126.4948724979;33.3927306237;;http://tong.visitkorea.or.kr/cms/resource/38/2641138_image2_1.jpg;Y;20191221;20200119;0;0;0;fe
;제주유리의성 별빛축제 야간개장 2020;39;제주특별자치도 제주시 한경면 녹차분재로 462;;126.2736712376;33.3146635422;;http://tong.visitkorea.or.kr/cms/resource/80/2611080_image2_1.jpg;Y;20191221;20200119;0;0;0;fe
;제주카페스타 (JEJU CAFESTA) 2020;39;제주특별자치도 서귀포시 중문관광로 224;(중문동);126.4244958917;33.2412740186;;http://tong.visitkorea.or.kr/cms/resource/42/2589542_image2_1.jpg;Y;20200611;20200614;0;0;0;fe
;제주해비치아트페스티벌 2020;39;제주특별자치도 서귀포시 표선면 민속해안로 537;;126.8442354573;33.3230355686;;http://tong.visitkorea.or.kr/cms/resource/54/2595254_image2_1.jpg;Y;20200824;20200827;0;0;0;fe
;제천국제음악영화제 2020;33;충청북도 제천시 의병대로18길 1;(남천동);128.1760675223;37.0120124713;;;Y;20200813;20200818;0;0;0;fe
;종묘대제 2020;1;서울특별시 종로구 종로 157;(훈정동);126.9944471257;37.5742897425;;http://tong.visitkorea.or.kr/cms/resource/28/935328_image2_1.jpg;Y;20201107;20201107;0;0;0;fe
;지리산 산청곶감축제 2020;36;경상남도 산청군 시천면 송하중태길 6;;127.8365066809;35.2743485813;;http://tong.visitkorea.or.kr/cms/resource/86/2640686_image2_1.jpg;Y;20200102;20200105;0;0;0;fe
;지리산남원 바래봉 눈꽃축제 2020;37;전라북도 남원시 운봉읍 바래봉길 214;(운봉읍);127.5478918014;35.4350475978;;http://tong.visitkorea.or.kr/cms/resource/39/2582639_image2_1.jpg;Y;20200110;20200209;0;0;0;fe
;지용제 2020;33;충청북도 옥천군 옥천읍 상계리 16;;127.5827401123;36.3187144403;;http://tong.visitkorea.or.kr/cms/resource/67/1675467_image2_1.jpg;Y;20201015;20201018;0;0;0;fe
;진안고원 김치보쌈축제 2020;37;전라북도 진안군 진안읍 시장1길 16;;127.4294401177;35.7926633285;;http://tong.visitkorea.or.kr/cms/resource/47/2646947_image2_1.JPG;Y;20201106;20201108;0;0;0;fe
;진안고원 수박축제 2020;37;전라북도 진안군 동향면 진성로 1687;;127.5747287017;35.8415158929;;http://tong.visitkorea.or.kr/cms/resource/29/2646929_image2_1.jpg;Y;20200801;20200802;0;0;0;fe
;창원조각비엔날레 2020;36;경상남도 창원시 의창구 중앙대로 181;(용호동);128.6831003428;35.2294826903;;http://tong.visitkorea.or.kr/cms/resource/65/2656465_image2_1.jpg;Y;20200917;20201101;0;0;0;fe
;처용문화제 2020;7;울산광역시 남구 번영로 200;;129.3271521316;35.5429649590;;http://tong.visitkorea.or.kr/cms/resource/33/2623933_image2_1.jpg;Y;20201030;20201101;0;0;0;fe
;천안흥타령춤축제 2020;34;충청남도 천안시 동남구 삼룡동 306-1;;127.1671896816;36.7822983153;;http://tong.visitkorea.or.kr/cms/resource/24/2642924_image2_1.jpg;Y;20200923;20200927;0;0;0;fe
;천을산 해맞이 2020;4;대구광역시 수성구 가천동 산 11-3;;128.6949710964;35.8513933739;;http://tong.visitkorea.or.kr/cms/resource/75/2579875_image2_1.jpg;Y;20200101;20200101;0;0;0;fe
;철원 한탄강 얼음트레킹 2020;32;강원도 철원군 동송읍 장흥리 25-203;;127.2949601763;38.1891513118;;http://tong.visitkorea.or.kr/cms/resource/02/2640102_image2_1.JPG;Y;20200118;20200127;0;0;0;fe
;철원 화강 다슬기축제 2020;32;강원도 철원군 김화읍 청양로 649;;127.4136780413;38.2498714071;;http://tong.visitkorea.or.kr/cms/resource/26/2612426_image2_1.JPG;Y;20200729;20200801;0;0;0;fe
;청도 프로방스 빛축제 2020;35;경상북도 청도군 화양읍 이슬미로 272-23;;128.7182098166;35.6841432611;;http://tong.visitkorea.or.kr/cms/resource/65/2646265_image2_1.JPG;Y;20200201;20201031;0;0;0;fe
;청양 고추구기자 축제 2020;34;충청남도 청양군 청양읍 은천동길 16-6;;126.7975542558;36.4460221385;;http://tong.visitkorea.or.kr/cms/resource/31/2603031_image2_1.jpg;Y;20200904;20200906;0;0;0;fe
;청원생명축제 2020;33;충청북도 청주시 청원구 오창읍 미래지로 99;;127.4073999797;36.7331610307;;http://tong.visitkorea.or.kr/cms/resource/95/2651695_image2_1.jpg;Y;20200918;20200927;0;0;0;fe
;청주문화재야행 2020;33;충청북도 청주시 상당구 성안로;;127.4888093316;36.6329101136;;http://tong.visitkorea.or.kr/cms/resource/04/2657704_image2_1.PNG;Y;20201016;20201017;0;0;0;fe
;청춘열전 흥 페스티벌 2020;1;서울특별시 마포구 어울마당로 109;(동교동);126.9205626669;37.5575514746;;http://tong.visitkorea.or.kr/cms/resource/28/2600828_image2_1.jpg;Y;20200919;20200920;0;0;0;fe
;청춘페스티벌 2020;1;서울특별시 마포구 한강난지로 162;;126.8854129455;37.5628196780;;http://tong.visitkorea.or.kr/cms/resource/22/2489322_image2_1.jpg;Y;20200926;20200927;0;0;0;fe
;청평 슬로우파크 겨울송어축제 2020;31;경기도 가평군 청평면 청군로 70;;127.4214031876;37.7497659835;;http://tong.visitkorea.or.kr/cms/resource/44/2644444_image2_1.jpg;Y;20191224;20200229;0;0;0;fe
;청평설빙송어빙어축제 2020;31;경기도 가평군 청평면 강변로 17;;127.4133710249;37.7346564825;;http://tong.visitkorea.or.kr/cms/resource/87/2640787_image2_1.jpg;Y;20191228;20200301;0;0;0;fe
;춘천 드론페스티벌 2020;32;강원도 춘천시 서면 박사로 854;;127.6918882316;37.8930876473;;http://tong.visitkorea.or.kr/cms/resource/61/2605361_image2_1.JPG;Y;20200926;20200927;0;0;0;fe
;춘천국제레저대회 2020;32;강원도 춘천시 스포츠타운길 124;(송암동);127.6899756668;37.8542810153;;http://tong.visitkorea.or.kr/cms/resource/77/2649877_image2_1.jpg;Y;20200903;20200906;0;0;0;fe
;춘천연극제 2020;32;강원도 춘천시 서부대성로 71;(옥천동);127.7312071874;37.8825368301;;http://tong.visitkorea.or.kr/cms/resource/84/2658484_image2_1.jpg;Y;20200613;20200620;0;0;0;fe
;춘천인형극제 2020;32;강원도 춘천시 영서로 3017;;127.7201820312;37.9215737485;;http://tong.visitkorea.or.kr/cms/resource/85/2605285_image2_1.jpg;Y;20200904;20200909;0;0;0;fe
;칠갑산얼음분수축제 2020;34;충청남도 청양군 정산면 천장호길 175-11;;126.9160529131;36.4094728367;;;Y;20191221;20200216;0;0;0;fe
;캠핑&피크닉페어 2020;31;경기도 고양시 일산서구 킨텍스로 217-59;;126.7435146865;37.6650330327;;http://tong.visitkorea.or.kr/cms/resource/96/2649896_image2_1.png;Y;20200702;20200705;0;0;0;fe
;케이펫페어 서울 2020;1;서울특별시 강남구 남부순환로 3104;(대치동);127.0719811806;37.4957363721;;http://tong.visitkorea.or.kr/cms/resource/03/2659603_image2_1.png;Y;20200626;20200628;0;0;0;fe
;코리아 그랜드 세일 2020;1;서울특별시 종로구 인사동5길 29;;126.9848758397;37.5720426096;;http://tong.visitkorea.or.kr/cms/resource/91/2648391_image2_1.jpg;Y;20200116;20200229;0;0;0;fe
;코리아 먹켓 페스타 (KOREA MUK+KET FESTA) 2020;1;서울특별시 서초구 강남대로 27;;127.0390127336;37.4683111849;;http://tong.visitkorea.or.kr/cms/resource/31/2653431_image2_1.jpg;Y;20200605;20200607;0;0;0;fe
;태백 한강·낙동강발원지축제 2020;32;강원도 태백시 황지동 623;;128.9910453796;37.1730260952;;http://tong.visitkorea.or.kr/cms/resource/26/2609126_image2_1.jpg;Y;20200731;20200809;0;0;0;fe
;태백 해바라기축제 2020;32;강원도 태백시 구와우길 38-20;(황지동);128.9896000402;37.2069499483;;http://tong.visitkorea.or.kr/cms/resource/45/1936345_image2_1.jpg;Y;20200724;20200816;0;0;0;fe
;태백산눈축제 2020;32;강원도 태백시 천제단길 162;(소도동);128.9513838396;37.1203508223;;http://tong.visitkorea.or.kr/cms/resource/47/2580947_image2_1.jpg;Y;20200110;20200119;0;0;0;fe
;태안 빛축제 2020;34;충청남도 태안군 남면 마검포길 200;;126.2998807800;36.6151330244;;http://tong.visitkorea.or.kr/cms/resource/15/2445115_image2_1.jpg;Y;20200101;20201231;0;0;0;fe
;태안 세계튤립공원 2020;34;충청남도 태안군 안면읍 꽃지해안로 400;;126.3367804299;36.5011023351;;http://tong.visitkorea.or.kr/cms/resource/89/2642289_image2_1.jpg;Y;20200414;20200511;0;0;0;fe
;태안 수선화 정원 2020;34;충청남도 태안군 남면 마검포길 200;;126.2998807800;36.6151330244;;http://tong.visitkorea.or.kr/cms/resource/69/2642269_image2_1.jpg;Y;20200406;20200426;0;0;0;fe
;태안 알리움 공원 2020;34;충청남도 태안군 안면읍 꽃지해안로 400;;126.3367804299;36.5011023351;;http://tong.visitkorea.or.kr/cms/resource/82/2642282_image2_1.jpg;Y;20200512;20200602;0;0;0;fe
;토요명품공연 2020;1;서울특별시 서초구 남부순환로 2364;(서초동);127.0097651306;37.4776567975;;http://tong.visitkorea.or.kr/cms/resource/00/2361000_image2_1.jpg;Y;20200104;20201226;0;0;0;fe
;통영 해맞이 2020;36;경상남도 통영시 멘데해안길 205;(정량동);128.4412011620;34.8442437107;;http://tong.visitkorea.or.kr/cms/resource/53/2583053_image2_1.JPG;Y;20200101;20200101;0;0;0;fe
;파로호 겨울축제 2020;32;강원도 화천군 간동면 모현동로 114;;127.7963575368;38.0442275568;;http://tong.visitkorea.or.kr/cms/resource/04/2583604_image2_1.JPG;Y;20200127;20200216;0;0;0;fe
;파주 송어 축제 2020;31;경기도 파주시 광탄면 부흥로 194-42;;126.8678189133;37.8009083125;;http://tong.visitkorea.or.kr/cms/resource/52/2639252_image2_1.jpg;Y;20200104;20200202;0;0;0;fe
;판타스틱(Fanta-Stick);1;서울특별시 종로구 대학로 146 석정홀딩스;(혜화동);127.0020489267;37.5843109371;;;Y;20200101;20201231;0;0;0;fe
;퍼스트가든 국화축제 2020;31;경기도 파주시 탑삭골길 260;;126.7949886250;37.7326982908;;http://tong.visitkorea.or.kr/cms/resource/90/2646990_image2_1.JPG;Y;20201016;20201122;0;0;0;fe
;퍼스트가든 봄꽃축제 - 블루밍가든 2020;31;경기도 파주시 탑삭골길 260;;126.7949886250;37.7326982908;;http://tong.visitkorea.or.kr/cms/resource/62/2646962_image2_1.JPG;Y;20200410;20200510;0;0;0;fe
;퍼스트가든 빛축제 - 별빛이 흐르는 정원 2020;31;경기도 파주시 탑삭골길 260;;126.7949386312;37.7326399636;;http://tong.visitkorea.or.kr/cms/resource/53/2639353_image2_1.jpg;Y;20191201;20201231;0;0;0;fe
;퍼스트가든 장미축제 2020;31;경기도 파주시 탑삭골길 260;;126.7949886250;37.7326982908;;http://tong.visitkorea.or.kr/cms/resource/75/2646975_image2_1.JPG;Y;20200522;20200823;0;0;0;fe
;페인터즈: 히어로;1;서울특별시 종로구 돈화문로 13;(관수동);126.9916475119;37.5696846720;;http://tong.visitkorea.or.kr/cms/resource/01/2038001_image2_1.jpg;Y;20200101;20201231;0;0;0;fe
;페인터즈: 히어로 (제주);39;제주특별자치도 제주시 애월읍 평화로 2715;;126.4346570299;33.4483679584;;;Y;20200101;20201231;0;0;0;fe
;평창국제평화영화제 2020;32;강원 평창군 대관령면 횡계리 707;;128.7071418322;37.6712604185;;http://tong.visitkorea.or.kr/cms/resource/08/2660408_image2_1.jpg;Y;20200618;20200623;0;0;0;fe
;포천 백운계곡 동장군축제 2020;31;경기도 포천시 이동면 화동로 2381;;127.4056896871;38.0694312305;;http://tong.visitkorea.or.kr/cms/resource/20/2639220_image2_1.JPG;Y;20200104;20200202;0;0;0;fe
;포항 구룡포과메기와 함께하는 영일대 해맞이 행사 2020;35;경상북도 포항시 북구 두호동 685-1 (영일대 해수욕장 일원);;129.3781024219;36.0573218107;;http://tong.visitkorea.or.kr/cms/resource/86/2642186_image2_1.jpg;Y;20191231;20200101;0;0;0;fe
;포항 해병대 문화축제 2020;35;경상북도 포항시 남구 오천읍 문덕리 247-1;;129.4105438090;35.9686102364;;http://tong.visitkorea.or.kr/cms/resource/11/2561811_image2_1.JPG;Y;20200905;20200906;0;0;0;fe
;프리미엄 펫쇼 2020;31;경기도 고양시 일산서구 킨텍스로 217-59;(대화동);126.7435146865;37.6650330327;;http://tong.visitkorea.or.kr/cms/resource/05/2659605_image2_1.jpg;Y;20200612;20200614;0;0;0;fe
;피란수도 부산 문화재 야행 2020;6;부산광역시 서구 임시수도기념로;(부민동2가);129.0196549929;35.1032530039;;http://tong.visitkorea.or.kr/cms/resource/51/2658051_image2_1.png;Y;20200821;20200822;0;0;0;fe
;하남이성산성문화축제 2020;31;경기도 하남시 미사대로 505;(신장동);127.2132361251;37.5536599743;;http://tong.visitkorea.or.kr/cms/resource/25/2650225_image2_1.jpg;Y;20200919;20200920;0;0;0;fe
;하늘공원해맞이행사 2020;1;서울특별시 마포구 하늘공원로 95;(상암동);126.8860710958;37.5671914042;;http://tong.visitkorea.or.kr/cms/resource/29/1544029_image2_1.jpg;Y;20200101;20200101;0;0;0;fe
;하동북천 코스모스 메밀꽃 축제 2020;36;경상남도 하동군 북천면 직전1길 7;;127.8763352905;35.1085651671;;http://tong.visitkorea.or.kr/cms/resource/62/2620962_image2_1.jpg;Y;20200918;20201004;0;0;0;fe
;하회별신굿탈놀이 상설공연 2020;35;경상북도 안동시 풍천면 하회종가길 3-15;;128.5243722237;36.5409451627;;;Y;20200101;20201231;0;0;0;fe
;한-러 수교 30주년 기념 디지털 아트 동화 특별전 2019;39;제주특별자치도 제주시 애월읍 애월해안로 516-7;;126.3592296033;33.4773135604;;http://tong.visitkorea.or.kr/cms/resource/26/2634626_image2_1.jpg;Y;20191103;20201102;0;0;0;fe
;한강나이트워크42K 2020;1;서울특별시 영등포구 여의동로 280;(여의도동);126.9368897969;37.5277830039;;http://tong.visitkorea.or.kr/cms/resource/78/2653478_image2_1.JPG;Y;20200815;20200816;0;0;0;fe
;한국국제걷기대회 2020;1;서울특별시 송파구 충민로 66;;127.1249713174;37.4776699781;;;Y;20201024;20201025;0;0;0;fe
;한국민속예술제 2020;34;충청남도 공주시 고마나루길 90;;127.1075869625;36.4666363013;;http://tong.visitkorea.or.kr/cms/resource/04/2552704_image2_1.jpg;Y;20201008;20201011;0;0;0;fe
;한국민속촌 새해야 이리오너라 2020;31;경기도 용인시 기흥구 민속촌로 90;;127.1205445440;37.2593868634;;http://tong.visitkorea.or.kr/cms/resource/63/2535763_image2_1.JPG;Y;20200124;20200209;0;0;0;fe
;한국민속촌 웰컴투조선 2020;31;경기도 용인시 기흥구 민속촌로 90;;127.1205445440;37.2593868634;;http://tong.visitkorea.or.kr/cms/resource/30/2654530_image2_1.jpg;Y;20200430;20200628;0;0;0;fe
;한국민속촌 '설원의 사냥꾼' 2020;31;경기도 용인시 기흥구 민속촌로 90;(보라동);127.1205445440;37.2593868634;;http://tong.visitkorea.or.kr/cms/resource/16/2585116_image2_1.jpg;Y;20191214;20200223;0;0;0;fe
;한국민속촌 '추억의 그때 그 놀이' 2020;31;경기도 용인시 기흥구 민속촌로 90;;127.1205445440;37.2593868634;;http://tong.visitkorea.or.kr/cms/resource/39/2638739_image2_1.jpg;Y;20191130;20200426;0;0;0;fe
;한국음식관광박람회 2020;1;서울특별시 서초구 강남대로 27;(양재동);127.0387710802;37.4686111452;;http://tong.visitkorea.or.kr/cms/resource/43/2549443_image2_1.jpg;Y;20200717;20200719;0;0;0;fe
;한국의집 전통예술공연;1;서울특별시 중구 퇴계로36길 10;(필동2가);126.9945752914;37.5601774962;;;Y;20200101;20201231;0;0;0;fe
;한국중고자동차페스티벌 2020;1;서울특별시 중구 세종대로 124;;126.9778599422;37.5674402409;;http://tong.visitkorea.or.kr/cms/resource/51/2551951_image2_1.jpg;Y;20200917;20200919;0;0;0;fe
;한국청소년축제 2020;32;강원도 원주시 봉화로 1;;127.9276662841;37.3457304990;;http://tong.visitkorea.or.kr/cms/resource/88/2647088_image2_1.JPG;Y;20200912;20200912;0;0;0;fe
;한림공원 매화축제 2020;39;제주특별자치도 제주시 한림읍 한림로 300;;126.2397419496;33.3902018773;;http://tong.visitkorea.or.kr/cms/resource/25/2647025_image2_1.jpg;Y;20200201;20200229;0;0;0;fe
;한림공원 부겐빌레아 꽃축제 2020;39;제주특별자치도 제주시 한림읍 한림로 300;;126.2397419496;33.3902018773;;http://tong.visitkorea.or.kr/cms/resource/71/2549871_image2_1.jpg;Y;20200515;20200614;0;0;0;fe
;한림공원 수국축제 2020;39;제주특별자치도 제주시 한림읍 한림로 300;(한림읍);126.2397419496;33.3902018773;;http://tong.visitkorea.or.kr/cms/resource/95/2010095_image2_1.jpg;Y;20200612;20200628;0;0;0;fe
;한림공원 수선화축제 2020;39;제주특별자치도 제주시 한림읍 한림로 300;(한림읍);126.2381087692;33.3897241270;;http://tong.visitkorea.or.kr/cms/resource/92/2584992_image2_1.jpg;Y;20200117;20200216;0;0;0;fe
;한림공원 튤립축제 2020;39;제주특별자치도 제주시 한림읍 한림로 300;(한림읍);126.2381087692;33.3897241270;;http://tong.visitkorea.or.kr/cms/resource/85/2592785_image2_1.jpg;Y;20200327;20200419;0;0;0;fe
;한성백제문화제 2020;1;서울특별시 송파구 올림픽로 424;(방이동);127.1224425827;37.5194456386;;http://tong.visitkorea.or.kr/cms/resource/60/2657160_image2_1.jpg;Y;20200909;20200913;0;0;0;fe
;한일축제한마당 in Seoul 2020;1;서울특별시 강남구 영동대로 513;;127.0591874466;37.5117592813;;http://tong.visitkorea.or.kr/cms/resource/30/2502830_image2_1.jpg;Y;20200920;20200920;0;0;0;fe
;함양산삼항노화엑스포 2020;36;경남 함양군 교산리 1047-1 / 경남 함양군 병곡면 광평리 663;;127.7212158272;35.5240350245;;http://tong.visitkorea.or.kr/cms/resource/34/2653034_image2_1.jpg;Y;20200925;20201025;0;0;0;fe
;해운대 북극곰 축제 (Haeundae Polar Festival) 2020;6;부산광역시 해운대구 달맞이길62번길 47;(중동);129.1593385668;35.1581299963;;http://tong.visitkorea.or.kr/cms/resource/14/2570414_image2_1.jpg;Y;20200104;20200105;0;0;0;fe
;해운대 빛축제 2020;6;부산광역시 해운대구 해운대해수욕장, 해운대광장(구남로) 일원;;129.1610994719;35.1600603681;;http://tong.visitkorea.or.kr/cms/resource/09/2637009_image2_1.jpg;Y;20191116;20200131;0;0;0;fe
;해운대 해양레저축제 2020;6;부산 해운대구 송정동 712-2;;129.1993594998;35.1794839034;;http://tong.visitkorea.or.kr/cms/resource/09/2658209_image2_1.jpg;Y;20200905;20200906;0;0;0;fe
;허브아일랜드 라벤더축제 2020;31;경기도 포천시 신북면 청신로947번길 35;(신북면);127.1316789055;37.9659160606;;http://tong.visitkorea.or.kr/cms/resource/82/2659982_image2_1.jpg;Y;20200530;20200731;0;0;0;fe
;허브아일랜드 불빛동화축제 2020;31;경기도 포천시 신북면 청신로947번길 35;;127.1316789055;37.9659160606;;http://tong.visitkorea.or.kr/cms/resource/77/2569277_image2_1.jpg;Y;20200101;20201231;0;0;0;fe
;호미곶한민족해맞이축전 2019;35;경상북도 포항시 남구 호미곶면 해맞이로 136;;129.5665381255;36.0761066323;;http://tong.visitkorea.or.kr/cms/resource/45/2627045_image2_1.jpg;Y;20191231;20200101;0;0;0;fe
;홈앤라이프스타일쇼 (Home Lifestyleshow) 2020;5;광주광역시 서구 상무누리로 30;;126.8405588979;35.1467180358;;;Y;20200611;20200614;0;0;0;fe
;홍성 남당항 새조개축제 2020;34;충청남도 홍성군 서부면 남당항로 213;(서부면);126.4703451469;36.5394807577;;http://tong.visitkorea.or.kr/cms/resource/32/1794132_image2_1.jpg;Y;20200118;20200229;0;0;0;fe
;홍천 찰옥수수축제 2020;32;강원도 홍천군 홍천읍 갈마곡리 496-2;(홍천읍);127.8930843056;37.6898122424;;http://tong.visitkorea.or.kr/cms/resource/96/2606596_image2_1.jpg;Y;20200731;20200801;0;0;0;fe
;홍천강 꽁꽁축제 2020;32;강원도 홍천군 홍천읍 너브내길 59-1;;127.8857961245;37.6882122918;;http://tong.visitkorea.or.kr/cms/resource/88/2635488_image2_1.jpg;Y;20200110;20200126;0;0;0;fe
;화성 뱃놀이축제 2020;31;경기도 화성시 서신면 전곡항로 5;;126.6510336560;37.1855870833;;http://tong.visitkorea.or.kr/cms/resource/58/2647058_image2_1.jpg;Y;20200911;20200913;0;0;0;fe
;화성송산포도축제 2020;31;경기도 화성시 서신면 궁평항로 1049-24;;126.6812883655;37.1160789957;;http://tong.visitkorea.or.kr/cms/resource/22/2614122_image2_1.jpg;Y;20200905;20200906;0;0;0;fe
;화성행궁 야간개장 2020;31;경기도 수원시 팔달구 정조로 825;;127.0144035414;37.2819295766;;http://tong.visitkorea.or.kr/cms/resource/16/2657616_image2_1.jpg;Y;20200520;20201030;0;0;0;fe
;화천DMZ랠리 2020;32;강원도 화천군 하남면 춘화로 3331-50;;127.7003064015;38.0964446690;;;Y;20201025;20201025;0;0;0;fe
;황토현동학농민혁명기념제 2020;37;전라북도 정읍시 덕천면 하학리 산3;;126.8257145875;35.6333015501;;http://tong.visitkorea.or.kr/cms/resource/33/1605633_image2_1.jpg;Y;20200509;20200509;0;0;0;fe
;휴애리 동백축제 2019;39;제주특별자치도 서귀포시 남원읍 신례동로 256;;126.6344317363;33.3085171454;;http://tong.visitkorea.or.kr/cms/resource/45/2633045_image2_1.jpg;Y;20191115;20200202;0;0;0;fe
;휴애리 매화축제 2020;39;제주특별자치도 서귀포시 남원읍 신례동로 256;;126.6344317363;33.3085171454;;http://tong.visitkorea.or.kr/cms/resource/43/2642743_image2_1.jpg;Y;20200207;20200308;0;0;0;fe
;휴애리 수국축제 2020;39;제주특별자치도 서귀포시 남원읍 신례동로 256;;126.6344317363;33.3085171454;;http://tong.visitkorea.or.kr/cms/resource/97/2649797_image2_1.jpg;Y;20200320;20200719;0;0;0;fe
;2564부산연등축제 2020;6;부산광역시 부산진구 중앙대로 818;(전포동);129.0559195851;35.1653967144;;http://tong.visitkorea.or.kr/cms/resource/90/2596090_image2_1.jpg;Y;20200428;20200527;0;0;0;fe
;DMZ펀치볼시래기축제 2020;32;강원도 양구군 해안면 해안서화로 17;(해안면);128.1429989616;38.2911553324;;http://tong.visitkorea.or.kr/cms/resource/78/2618578_image2_1.jpg;Y;20201024;20201025;0;0;0;fe
;DMZ 평화이음 토요콘서트 2020;32;강원도 철원군 동송읍 금학로210번길 12-3;;127.2179416126;38.2104112964;;http://tong.visitkorea.or.kr/cms/resource/73/2656073_image2_1.jpg;Y;20200523;20190926;0;0;0;fe
;DMZ 피스트레인 뮤직 페스티벌 2020;32;강원도 철원군 동송읍 태봉로 1825;;127.2868693456;38.1859626462;;http://tong.visitkorea.or.kr/cms/resource/12/2594012_image2_1.JPG;Y;20200717;20200718;0;0;0;fe
;DMZ POP 콘서트 2020;32;강원도 인제군 인제읍 비봉로44번길 113;;128.1619098505;38.0609408583;;http://tong.visitkorea.or.kr/cms/resource/81/2656081_image2_1.jpg;Y;20200523;20200926;0;0;0;fe
;K-핸드메이드 & 일러스트레이션페어 부산 2020;6;부산광역시 해운대구 APEC로 55;;129.1359569660;35.1690700054;;http://tong.visitkorea.or.kr/cms/resource/59/2639359_image2_1.jpg;Y;20200710;20200712;0;0;0;fe
;K-핸드메이드페어 2020;1;서울특별시 강남구 영동대로 513 COEX D홀;(삼성동);127.0591318945;37.5118092746;;http://tong.visitkorea.or.kr/cms/resource/51/2651651_image2_1.jpg;Y;20201119;20201122;0;0;0;fe
;K-Festival (한국축제&여행박람회) 2020;1;서울특별시 강남구 남부순환로 3104;(대치동);127.0719811806;37.4957363721;;http://tong.visitkorea.or.kr/cms/resource/80/2651080_image2_1.png;Y;20200722;20200724;0;0;0;fe
;KB RAPBEAT FESTIVAL(KB 랩비트 페스티벌) 2020;31;경기도 과천시 광명로 181;;127.0190599639;37.4338981534;;http://tong.visitkorea.or.kr/cms/resource/69/2656069_image2_1.jpg;Y;20200919;20200920;0;0;0;fe
;김제 지평선축제 2020;37;전라북도 김제시 부량면;;126.8529146250;35.7539938456;;http://tong.visitkorea.or.kr/cms/resource/36/2423336_image2_1.JPG;Y;20201007;20201011;0;0;0;fe
;보령머드축제 2020;34;충청남도 보령시 머드로 123;(신흑동);126.5108362552;36.3155293984;;http://tong.visitkorea.or.kr/cms/resource/12/2591612_image2_1.jpg;Y;20200717;20200726;0;0;0;fe
;안동국제탈춤페스티벌 2020;35;경상북도 안동시 육사로 239;(운흥동);128.7308755359;36.5605495777;;http://tong.visitkorea.or.kr/cms/resource/00/2541800_image2_1.jpg;Y;20200925;20201004;0;0;0;fe
;얼음나라 화천산천어축제 2020;32;강원도 화천군 화천읍 산천어길 137;;127.7099022603;38.1126818434;;http://tong.visitkorea.or.kr/cms/resource/22/2362022_image2_1.jpg;Y;20200127;20200216;0;0;0;fe
;진주 남강유등축제 2020;36;경상남도 진주시 남강로 626;;128.0802763856;35.1897457534;;http://tong.visitkorea.or.kr/cms/resource/17/2594917_image2_1.jpg;Y;20201001;20201011;0;0;0;fe
;광안리어방축제 2020;6;부산광역시 수영구 광안해변로 219;(광안동);129.1173479525;35.1516077265;;http://tong.visitkorea.or.kr/cms/resource/60/2594060_image2_1.jpg;Y;20201023;20201025;0;0;0;fe
; 강릉커피축제 2020;32;강원도 강릉시 수리골길 102;(포남동);128.8968825061;37.7798487635;;http://tong.visitkorea.or.kr/cms/resource/50/2550350_image2_1.JPG;Y;20201008;20201011;0;0;0;fe
; 밀양 아리랑대축제 2020;36;경상남도 밀양시 중앙로 324;(내일동);128.7552590901;35.4921350361;;http://tong.visitkorea.or.kr/cms/resource/60/2490860_image2_1.JPG;Y;20200924;20200927;0;0;0;fe
; 봉화은어축제 2020;35;경상북도 봉화군 봉화읍;;128.7343545531;36.8880621974;;http://tong.visitkorea.or.kr/cms/resource/32/2529632_image2_1.jpg;Y;20200801;20200809;0;0;0;fe
; 산청한방약초축제 2020;36;경상남도 산청군 금서면 친환경로2605번길 22;;127.8718053038;35.4196966993;;http://tong.visitkorea.or.kr/cms/resource/29/2559529_image2_1.JPG;Y;20200925;20201011;0;0;0;fe
; 서산해미읍성축제 2020;34;충청남도 서산시 해미면 남문2로 143;(해미면);126.5488612421;36.7128788110;;http://tong.visitkorea.or.kr/cms/resource/00/2025300_image2_1.JPG;Y;20201009;20201011;0;0;0;fe
; 수원화성문화제 2020;31;경기도 수원시 팔달구 정조로 825;(남창동);127.0134508573;37.2816684780;;http://tong.visitkorea.or.kr/cms/resource/29/2556829_image2_1.jpg;Y;20201009;20201011;0;0;0;fe
; 순창장류축제 2020;37;전라북도 순창군 순창읍 민속마을길 6-3;;127.1133178783;35.3753190513;;http://tong.visitkorea.or.kr/cms/resource/71/2384371_image2_1.jpg;Y;20201016;20201018;0;0;0;fe
; 시흥갯골축제 2020;31;경기도 시흥시 동서로 287;;126.7812383963;37.3897740365;;http://tong.visitkorea.or.kr/cms/resource/67/2656467_image2_1.jpg;Y;20200916;20200920;0;0;0;fe
; 안성맞춤 남사당 바우덕이축제 2020;31;경기도 안성시 보개면 남사당로 198;;127.3111058455;37.0337719111;;http://tong.visitkorea.or.kr/cms/resource/65/1938165_image2_1.JPG;Y;20200923;20200927;0;0;0;fe
; 여주오곡나루축제 2020;31;경기도 여주시 신륵사길 13;(천송동);127.6557838412;37.2995419274;;http://tong.visitkorea.or.kr/cms/resource/70/2621970_image2_1.png;Y;20201015;20201018;0;0;0;fe
; 연천 구석기축제 2020;31;경기도 연천군 전곡읍 양연로 1510;;127.0611506837;38.0122815870;;http://tong.visitkorea.or.kr/cms/resource/49/1049749_image2_1.jpg;Y;20201009;20201011;0;0;0;fe
; 울산옹기축제 2020;7;울산광역시 울주군 온양읍 외고산길 23;;129.2801648931;35.4322848446;;http://tong.visitkorea.or.kr/cms/resource/68/1993568_image2_1.jpg;Y;20201015;20201018;0;0;0;fe
; 원주 다이내믹댄싱카니발 2020;32;강원도 원주시 단구로 170;(명륜동);127.9461148905;37.3364513586;;http://tong.visitkorea.or.kr/cms/resource/28/2381328_image2_1.JPG;Y;20200908;20200913;0;0;0;fe
; 음성 품바축제 2020;33;충청북도 음성군 음성읍 설성공원길 28;;127.6910022374;36.9327654263;;;Y;20200826;20200830;0;0;0;fe
; 임실N치즈축제 2020;37;전라북도 임실군 성수면 도인2길 50;(성수면);127.3012056927;35.6328486749;;http://tong.visitkorea.or.kr/cms/resource/91/2519091_image2_1.png;Y;20201008;20201011;0;0;0;fe
; 정선아리랑제 2020;32;강원도 정선군 정선읍 봉양리 112;(정선읍);128.6654905918;37.3776490698;;;Y;20200917;20200920;0;0;0;fe
; 진안 홍삼축제 2020;37;전라북도 진안군 진안읍 마이산로 160;;127.4162695779;35.7732125289;;http://tong.visitkorea.or.kr/cms/resource/42/2646942_image2_1.JPG;Y;20201008;20201011;0;0;0;fe
; 청송사과축제 2020;35;경상북도 청송군 청송읍 금월로 269;;129.0555199169;36.4331924602;;http://tong.visitkorea.or.kr/cms/resource/63/2623063_image2_1.jpg;Y;20201028;20201101;0;0;0;fe
; 추억의 충장축제 2020;5;광주광역시 동구 서남로 1;;126.9231294053;35.1454973445;;http://tong.visitkorea.or.kr/cms/resource/18/2539618_image2_1.JPG;Y;20201014;20201018;0;0;0;fe
; 통영한산대첩축제 2020;36;경상남도 통영시 통영해안로 328;(중앙동);128.4241721001;34.8438295639;;;Y;20200812;20200816;0;0;0;fe
; 평창송어축제 2020;32;강원도 평창군 진부면 경강로 3562;;128.5570176323;37.6332341484;;http://tong.visitkorea.or.kr/cms/resource/53/2362453_image2_1.jpg;Y;20200117;20200202;0;0;0;fe
; 포항국제불빛축제 2020;35;경상북도 포항시 북구 두호동 685-1;;129.3781024219;36.0573218107;;http://tong.visitkorea.or.kr/cms/resource/65/2649965_image2_1.jpg;Y;20201016;20201018;0;0;0;fe
; 횡성한우축제 2020;32;강원도 횡성군 횡성읍 문화체육로 47;;127.9871481157;37.4981056564;;http://tong.visitkorea.or.kr/cms/resource/23/2618823_image2_1.jpg;Y;20201015;20201019;0;0;0;fe